License_Number,Company_Name,Address,Issue_Date,Expiration_Date,Status,License_Limitation,Classifications,Qualifier_Number,Qualifier_Status
85168,24North Investments LLC,"1124 Raven Perch Dr.
Wendell, NC 27591",03/02/2021,12/31/2025,Active,Limited,Residential,11011,Active
106057,51st State Inc.,"4030 Wake Forest Road, Ste. 349 Raleigh, NC 27609",05/20/2025,12/31/2025,Active,Unlimited,Building,105305,Active
52165,"A & D Enterprises, Inc., T/A","P.O. Box 1446
Fort Mill, SC 29716",01/02/2003,12/31/2004,Archived,Limited,Building,,Status
34951,"A & M Ventures, Inc.","5520 McNeely Dr., Suite 305
RALEIGH, NC 27612",07/19/1995,12/31/2025,Active,Unlimited,Building; Highway; PU(Water Lines & Sewer Lines),7212,Active
62945,"A&D Environmental Services, Inc.","PO Box 484
High Point, NC 27261",04/12/2007,12/31/2025,Active,Unlimited,Building,21984,Active
103298,A&M Premier Roofing & Construction LLC,"5540 Centerview Dr.
Raleigh, NC 27606",05/21/2024,12/31/2025,Active,Unlimited,Building,106168,Active
101115,"A+ Tree and Crane Services, Inc.","5540 Centerview Dr.
Ste 200
Raleigh , NC 27606",07/18/2023,12/31/2025,Active,Limited,Building; PU(Water Lines & Sewer Lines),8658,Active
37191,"A1 Consulting Group, Inc.","117 International Dr
Morrisville, NC 27560",07/10/1996,12/31/2025,Active,Unlimited,Building; Highway,10049,Active
71930,Abtak of Durham Inc,"11 Logging Trl
Durham, NC 27707",05/03/2012,12/31/2023,Invalid,Limited,Building; PU(Water Lines & Sewer Lines),17776,Active
84462,"AC Grading & Farm, Inc.","11128 Beatties Ford Rd.
Huntersville, NC 28078",11/10/2020,12/31/2025,Invalid,Limited,PU(Water Lines & Sewer Lines),58733,Active
27503,"Richard G. Lang, T/A","1137 42nd St.
Wilmington, NC 28403",07/18/1990,,Archived,Limited,Building,,
40385,"Ace/Avant Concrete Construction Co., Inc.","PO Box 14006
Archdale, NC 27263",10/14/1997,12/31/2025,Active,Unlimited,Building; Highway; PU(Water Lines & Sewer Lines),11435; 34416; 34655; 34665; 59011,Active; Active; Active; Active; Active
85395,"Action Environmental, LLC","204 20th St. North
Birminham, AL 35203",03/30/2021,12/31/2026,Active,Unlimited,Building,99900,Active
53943,"Advanced Wireless Solutions, Inc.","P. O. Box 8593
Gray, TN 37615",09/15/2003,12/31/2025,Active,Limited,Building; PU (Communications),17504,Active
40010,"AECOM Technical Services, Inc.","120 S Central Ave Ste 400
Clayton, MO 63105",07/09/1997,12/31/2025,Active,Unlimited,Building; PU(Water Pur. & Sewage Disp.),100050,Active
43398,"AML East, LLC","601 Jack Ends Blvd
Berryville, VA 22611",01/13/1999,12/31/2025,Active,Unlimited,PU(Water Lines & Sewer Lines),12762; 12763,Active; Active
99662,Anson Group LLC,"13828 Ballantyne Meadows
Charlotte, NC 28277",01/02/2023,12/31/2025,Active,Unlimited,Building; Public Utilities,23322,Active
87280,"Arrowhead Contractors, LLC","61 Lucy Long Rd
Cherokee, NC 28719",02/15/2022,12/31/2026,Active,Unlimited,Unclassified,97041; 17682; 17679,Active; Active; Active
102249,"Ashbritt, Inc.","565 East Hillsboro Blvd
Deerfield Beach, FL 33441",01/02/2024,12/31/2025,Active,Unlimited,Building; Highway,24685,Active
79709,"ATD Building, Inc","6622 Gordon Road Ste. K
Wilmington, NC 28411",03/27/2018,12/31/2025,Active,Unlimited,Building; Public Utilities,32150; 34657,Active; Active
79283,"Atlantic On-Site Development, LLC","408 N. Green St.
Holly Ridge, NC 28445",12/12/2017,12/31/2025,Active,Unlimited,Building; Public Utilities,33078,Active
71938,"B & B Crane Service, LLC","PO Box 1594
Shallotte, NC 28459",05/19/2012,12/31/2025,Active,Unlimited,Highway; PU(Water Lines & Sewer Lines); S (Metal Erection),21202,Active
75683,"B & N Grading, Inc.","227B Atando Avenue
Charlotte, NC 28206",06/04/2015,12/31/2025,Active,Unlimited,Highway; PU(Water Lines & Sewer Lines),30319,Active
83849,Badger Daylighting Corp.,"4910 N CR 900 E
Brownsburg, IN 46112",07/21/2020,12/31/2025,Active,Unlimited,H (Grading & Excavating),99967,Active
67734,Baker's Construction & Excavation Company,"4620 Weaver Pike
Bluff City, TN 37618",04/02/2009,12/31/2025,Active,Unlimited,H (Grading & Excavating); PU(Water Lines & Sewer Lines),24672,Active
101293,Balca Inc.,"483 Cranberry Woods Dr
Fleetwood, NC 28626",08/15/2023,12/31/2025,Active,Unlimited,Unclassified,99961,Active
75557,Barbour Brothers Construction Inc,"PO Box 95
Pikeville, NC 27863",05/07/2015,12/31/2025,Active,Unlimited,Highway; PU(Water Lines & Sewer Lines),30217,Active
11909,"Barrow Construction, Inc.","P. O. Box 8861
Greensboro, NC 27419",07/23/1980,12/31/2025,Active,Limited,PU(Water Lines & Sewer Lines),01576; 01575,Active; Active
83493,Barton Malow Builders LLC,"26500 American Dr.
Southfield, MI 48034",04/28/2020,12/31/2025,Active,Unlimited,Building,04611; 09062,Active; Active
51729,"Batista Grading, Inc.","710 West Main Street, Suite 113
Clayton, NC 27520",09/10/2002,12/31/2025,Active,Unlimited,Unclassified,16430,Active
58977,"Baxter Johnson Contracting, Inc.","P.O. Box 27257
Raleigh, NC 27611",11/15/2005,12/31/2025,Active,Unlimited,Highway; PU(Water Lines & Sewer Lines),19965,Active
50548,Baynor Construction Incorporated,"5117 River Rd
Washington, NC 27889",03/11/2002,12/31/2025,Active,Unlimited,Public Utilities,15867; 101617,Active; Active
75152,BBUDC Inc.,"PO Box 52552
Durham, NC 27717",02/13/2015,12/31/2025,Active,Limited,Building; PU(Water Lines & Sewer Lines),26130,Active
3051,"Bell Construction Co., Inc.","2472 Northside Dr.
Statesville, NC 28625",04/16/1958,12/31/2025,Active,Unlimited,Unclassified,270,Active
52273,"Better Cable Systems, Inc.","P.O. Box 1117
Roxboro, NC 27573",01/02/2003,12/31/2025,Active,Unlimited,PU (Communications); PU(Electrical-Ahead of P.O.D.),16687; 16688,Active; Active
73569,"Bio-Nomic Services, Inc.","530 Woodlawn St
Belmont, NC 28012",10/03/2013,12/31/2025,Active,Unlimited,Public Utilities,28728,Active
80759,Blakeney Inc LLC,"6360 White Mill Rd
Fairburn, Ga 30213",10/09/2018,12/31/2025,Active,Unlimited,Building,34269,Active
51402,"Blankenship Associates, LLC","P.O. Box 30425
Raleigh, NC 27622",07/10/2002,12/31/2024,Invalid,Unlimited,Building,16259,Active
18023,"BMCO Construction, Inc.","1115 Kenric Road
Lumberton, NC 28360",04/17/1985,12/31/2025,Active,Unlimited,Highway; Public Utilities,03025; 03024; 03026,Active; Active; Active
62120,"Bobby Cahoon Construction, Inc.","6003 Neuse Road
Grantsboro, NC 28529",01/02/2007,12/31/2025,Active,Unlimited,Residential; PU(Water Lines & Sewer Lines); S (Marine Construction),21541; 28864,Active; Active
30705,"Boyd Utility Boring, Inc.","324 Pine St
Forest City, NC 28043",01/22/1993,12/31/2025,Active,Unlimited,S (Boring & Tunneling),,
28182,"Branch Civil, Inc.","P.O. Box 40004
Roanoke, VA 24022",10/10/1990,12/31/2025,Active,Unlimited,Highway; PU(Water Lines & Sewer Lines),6406,Active
82393,"Brock Mountain Land Company, LLC","PO Box 598
Barnardsville, NC 28709",08/27/2019,12/31/2025,Active,Unlimited,Unclassified,28054,Active
60284,"Brushy Mountain Builders, Inc.","3390 Gaither Walker Cir
Lenoir, NC 28645",05/04/2006,12/31/2025,Active,Unlimited,Building; PU(Water Lines & Sewer Lines); PU(Water Pur. & Sewage Disp.),20602; 20603,Active; Active
69727,"Bryson Enterprises, Ltd.","PO Box 1691
Highlands, NC 28741",08/05/2010,12/31/2026,Active,Unlimited,Building; Highway; PU(Water Lines & Sewer Lines),09075; 25986,Active; Active
72900,"Buckeye Bridge, LLC","654 Buckeye Cove Road
Canton, NC 28716",03/07/2013,12/31/2025,Active,Unlimited,Building; Highway; PU(Water Lines & Sewer Lines); PU(Water Pur. & Sewage Disp.),04620; 28230,Active; Active
102072,Build-More Construction Company LLC,"18 Dixon Ct
Candler, NC 28715",01/02/2024,12/31/2025,Active,Unlimited,Building; PU(Water Lines & Sewer Lines),30385; 30449,Active; Active
101731,Busco Contractors Inc,"1690 Massengill Pond Rd
Angier, NC 27501",10/24/2023,12/31/2025,Active,Unlimited,Public Utilities,95469,Active
103635,"Byers Enterprises, LLC","2205 North Friendship Road,
King, NC 27021",07/02/2024,12/31/2026,Active,Limited,Building,103508,Active
69918,"C & W Grading & Excavating, Inc.","661 Bayside Road
Elizabeth City, NC 27909",10/07/2010,12/31/2025,Active,Unlimited,Building; Highway; PU(Water Lines & Sewer Lines),25870,Active
101842,C. H. Barlowe LLC,"1576 Zacks Fork Rd
Lenoir, NC 28645",11/07/2023,12/31/2025,Active,Limited,H (Grading & Excavating); PU(Water Lines & Sewer Lines),1754,Active
44521,"C. M. Mitchell Construction Company, Inc.","PO Box 409 Sneads Ferry, NC 28460",04/13/1999,12/31/2025,Active,Unlimited,Highway; PU(Water Lines & Sewer Lines),13225; 13226; 28580,Active; Active; Active
73807,Cadet Construction Company,"PO Box 78504 Charlotte, NC 28271",01/07/2014,12/31/2025,Invalid,Unlimited,Unclassified,28894,Active
58145,"Calamar, Inc.","P.O. Box 52058
Durham, NC 27717",07/27/2005,12/31/2025,Active,Intermediate,Building; PU (Sewer Lines); PU (Water Lines); PU(Water Lines & Sewer Lines),19579; 19578; 01010,Active; Active; Active
59167,"Callis Contractors, Inc.","1306 Broad Street
Durham, NC 27705",01/03/2006,12/31/2024,Invalid,Unlimited,Building; Highway; PU(Water Lines & Sewer Lines),20063; 05384,Active; Active
103891,Cantu's Concrete Construction LLC,"1132 Windmill Rd, Fayetteville, NC 28312",08/13/2024,12/31/2025,Active,Limited,Building,103982,Active
80992,"Carl Grigg Electric & Supply, Inc.","3423 Fallston Rd.
Shelby, NC 28150",11/20/2018,12/31/2025,Active,Unlimited,Public Utilities,34454,Active
85737,"JJAM STAND, LLC","1227 Curtis Street Suite 100, Monroe NC 28112",05/11/2021,12/31/2025,Active,Unlimited,Building,59629,Active
41057,Carolina Green Corp.,"10108 Indian Trail Fairview Rd.
Indian Trail, NC 28079",01/13/1998,12/31/2025,Active,Unlimited,Building; Highway; PU(Water Lines & Sewer Lines),11735; 11736; 106154,Active; Active; Active
67579,"Carolina Management Team, LLC","49 Mcdowell St
Asheville, NC 28801",03/05/2009,12/31/2025,Active,Unlimited,Building; PU(Water Lines & Sewer Lines),24561; 105221,Active; Active
86845,"Carolina Sand, Inc.","2086 Craig Mountain Rd
Lenoir, NC 28645",11/24/2021,12/31/2026,Active,Intermediate,Highway; PU(Water Lines & Sewer Lines),22318,Active
45224,"Carolina Siteworks, Inc.","300 Wade Drive
China Grove, NC 28023",06/15/1999,12/31/2025,Active,Unlimited,Building; Highway; PU(Water Lines & Sewer Lines),13555,Active
85829,"Carolinas Construction Group, LLC","6828 Ridge Lane Rd
Charlotte, NC 28262",05/25/2021,12/31/2025,Active,Limited,Building; PU(Water Lines & Sewer Lines),59608,Active
66076,"Chad Sigmon Construction, LLC","5763 Sulphur Springs RD. NE
Hickory, NC 28601",05/08/2008,12/31/2025,Active,Limited,Building; PU(Water Lines & Sewer Lines),23697,Active
27037,"Chandler Construction Services, Inc.","1511 Ninety Six Highway
Ninety Six, SC 29666",01/17/1990,12/31/2025,Active,Unlimited,H (Grading & Excavating); PU(Water Lines & Sewer Lines); PU(Water Pur. & Sewage Disp.),59719; 59596,Active; Active
30021,"Charles R. Underwood, Inc.","2000 Boone Trail Rd.
Sanford, NC 27330",04/03/1992,12/31/2025,Active,Unlimited,Unclassified,07111; 07112,Active; Active
74643,"Charles W. Hughes Construction, LLC","4675 Ben Dail Rd.
LaGrange, NC 28551",09/04/2014,12/31/2025,Active,Unlimited,Building; Highway; PU(Water Lines & Sewer Lines),13928,Active
101615,REITZEL CORPORATION,"6370 Crayton Road
Mount Pleasant, NC 28124",09/27/2023,12/31/2025,Active,Limited,PU(Water Lines & Sewer Lines),101755,Active
59602,Chavis' Inc.,"P. O. Box 568
Maxton, NC 28364",02/02/2006,12/31/2025,Active,Unlimited,Unclassified,20283,Active
53607,"Cherokee Enterprises, Inc.","PO Box 471
Cherokee, NC 28719",07/10/2003,12/31/2025,Active,Unlimited,Unclassified,17341; 17342; 17340; 58068; 31409,Active; Active; Active; Active; Active
78471,Chief Property Services LLC,"11131 Blair Road
Mint Hill, NC 28227",06/08/2017,12/31/2022,Invalid,Limited,Building,32458,Active
71885,Civil Works Contracting LLC,"190 Raleigh St.
Wilmington, NC 28412",04/05/2012,12/31/2025,Active,Unlimited,Building; Highway; PU(Water Lines & Sewer Lines),21045; 27469; 25616; 58241,Active; Active; Active; Active
80668,"Cleary Construction, Inc.","2006 Edmonton Rd
Tompkinsville, KY 42167",09/25/2018,12/31/2025,Active,Unlimited,Building; Public Utilities; H (Grading & Excavating),34206,Active
52920,"CMC Building, Inc.","P.O. Box 100
Bolton, NC 28423",03/10/2003,12/31/2025,Active,Unlimited,Building,34774; 59731,Active; Active
56936,"CNIC, Inc.","2200 Crown Centre Dr Ste C
Charlotte, NC 28227",02/16/2005,12/31/2025,Active,Limited,PU (Communications),18965,Active
72269,"Coastal Asphalt, LLC","2142 Winburn St.
Conway, SC 29527",09/06/2012,12/31/2025,Active,Unlimited,H (Grading & Excavating); PU(Water Lines & Sewer Lines),27767; 27768,Active; Active
88582,"Coastal Transmission and Construction, Inc.","7615 Myrtle Grove Rd
Wilmington, NC 28409",08/30/2022,12/31/2024,Invalid,Unlimited,PU(Electrical-Ahead of P.O.D.),100438,Active
73109,"Cole Land & Timber, LLC","PO Box 97
Southmont, NC 27351",06/13/2013,12/31/2025,Active,Limited,Highway; Public Utilities,20177,Active
81593,Concrete Solutions by Jimmy Hickman and Son LLC,"349 Ralph Miller Rd
Lexington, NC 27295",03/12/2019,12/31/2024,Invalid,Limited,Building,34954,Active
36945,Continental Flooring Company,"9319 N 94th Way Ste 1000
Scottsdale, AZ 85258",06/11/1996,12/31/2025,Active,Unlimited,Building,9947,Active
65299,Cooper Tacia General Contracting Company,"333 Fayetteville Street Unit 1450
Raleigh, NC 27601",02/26/2008,12/31/2025,Active,Unlimited,Building; Public Utilities,16349; 106942; 58654,Active; Active; Active
76692,Country Construction Corporation,"PO Box 1332
Benson, NC 27504",04/07/2016,12/31/2025,Active,Limited,PU(Water Lines & Sewer Lines),2986,Active
29372,"Creative Design And Construction, Inc.","P O Box 306
Tobaccoville, NC 27050",10/18/1991,12/31/2025,Active,Unlimited,Building; Highway; PU(Water Lines & Sewer Lines),06853; 06855; 06854,Active; Active; Active
99738,Crossroads Site Development LLC,"10216 Wilkins Road
Bahama, NC 27503",01/02/2023,12/31/2025,Active,Unlimited,Highway; Public Utilities,99802,Active
82118,"CTR Utility Rehab, LLC","5715 Ball Camp Pike
Knoxville, TN 37921",06/18/2019,12/31/2025,Active,Limited,PU(Water Lines & Sewer Lines),35405,Active
53227,"Currituck Homes, Inc.","PO Box 505
Moyock, NC 27958",05/21/2003,12/31/2025,Active,Unlimited,Unclassified,17151; 17153; 17152,Active; Active; Active
88436,Custom Demo & Dismantling LLC,"813 Hunter St
York, SC 29745",08/16/2022,12/31/2025,Active,Unlimited,Building,61665,Active
65621,"D & T Utilities, Inc.","PO Box 608
Liberty, NC 27298",03/06/2008,12/31/2025,Active,Limited,PU(Water Lines & Sewer Lines),23436,Active
56415,"D. H. Griffin Infrastructure, LLC","PO Box 7405
Greensboro, NC 27417",11/29/2004,12/31/2025,Active,Unlimited,Unclassified,18694; 14298,Active; Active
74632,"Dalton Contracting, LLC","PO Box 1367
Clemmons, NC 27012",09/05/2014,12/31/2025,Active,Limited,Unclassified,25196,Active
107287,Davis Construction & Development LLC,"2112 Copper Top Ct
Charlotte, NC 28214",10/07/2025,12/31/2026,Active,Limited,Building; H (Grading & Excavating),101347,Active
101594,Deshields Utilities LLC,"1591 Raccoon Rd
Willard, NC 28478",09/27/2023,12/31/2025,Active,Unlimited,PU(Water Lines & Sewer Lines),101574,Active
79335,"Dickerson Infrastructure, Inc","PO Box 910
Fort Pierce, FL 34954",01/09/2018,12/31/2025,Active,Unlimited,H (Grading & Excavating); PU(Water Lines & Sewer Lines),59737,Active
85377,"Dirt Ops, LLC","824 White Plains Rd
Hiddenite, NC 28636",03/30/2021,12/31/2025,Active,Unlimited,Building; Public Utilities,34306,Active
75528,"Dixon Paving, Inc.","4801 Glenwood Ave Ste 200
Raleigh, NC 27612",05/19/2015,12/31/2025,Active,Unlimited,Building; Highway; PU(Water Lines & Sewer Lines),30195,Active
88408,Dockery Contracting and Inspections LLC,"429 Hill Street
Murphy, NC 28906",07/18/2022,12/31/2025,Active,Limited,Unclassified,61356,Active
105586,"Drish Utilities, LLC","5401 Efird Rd
Wilmington, NC 28409",03/25/2025,12/31/2025,Active,Limited,PU(Water Lines & Sewer Lines),7520,Active
88226,DS Utility and Repair LLC,"781 Tart Town Rd.
Dunn, NC 28334",07/05/2022,12/31/2025,Active,Limited,PU(Water Lines & Sewer Lines),61477,Active
77024,Dunlap Construction & Utilities LLC,"3800 Staley Snowcamp Rd.
Staley, NC 27355",07/23/2016,12/31/2025,Active,Unlimited,Building; Public Utilities,17816,Active
53756,"East Coast Contracting, Inc.","4525 Technology Drive
Wilmington, NC 28405",08/12/2003,12/31/2025,Active,Unlimited,Unclassified,7909,Active
104075,East Point Contracting LLC,"912F Bull Hill Rd
Windsor, NC 27983",08/27/2024,12/31/2025,Active,Unlimited,PU(Water Lines & Sewer Lines); PU(Water Pur. & Sewage Disp.),101912; 104365,Active; Active
57634,"Eastern Carolina Construction, Inc.","PO Box 128
Camden, NC 27921",05/17/2005,12/31/2025,Active,Unlimited,Unclassified,19327; 09871,Active; Active
25993,"Ed Braswell & Sons, Inc.","632 Quarry Ln
Rocky Mount, NC 27803",07/19/1989,12/31/2025,Active,Unlimited,H (Grading & Excavating); PU(Water Lines & Sewer Lines),05576; 05575; 05577,Active; Active; Active
84611,"Efficient Developments, LLC","5430 Stallworth Dr.
Charlotte, NC 28226",12/08/2020,12/31/2025,Active,Unlimited,Unclassified,58211,Active
65967,"ElectriCom, LLC, T/A","PO Box 319
Paoli, IN 47454",05/08/2008,12/31/2025,Active,Unlimited,PU (Communications),23630; 102822,Active; Active
103652,Elite Excavation & Grading LLC,"210 Kings Chase
Newport, NC 28570",07/02/2024,12/31/2025,Active,Limited,H (Grading & Excavating); PU(Water Lines & Sewer Lines),103767,Active
51181,"Ellixson & Sons, Inc.","1418 N. Howe St., Ste. 3-A
Southport, NC 28461",06/10/2002,12/31/2025,Active,Unlimited,Highway,16152; 16151,Active; Active
63868,"Enviro-Tech Unlimited Construction Services, LLC","PO BOX 157
Nags Head, NC 27959",08/02/2007,12/31/2025,Active,Unlimited,Building; Highway; PU(Water Lines & Sewer Lines); PU(Water Pur. & Sewage Disp.),22474; 14038,Active; Active
28994,"ES&J Enterprises, Inc.","1555 Holland Rd.
Autryville, NC 28318",07/12/1991,12/31/2025,Active,Unlimited,Highway; PU (Sewer Lines); PU (Water Lines); PU(Water Lines & Sewer Lines),06703; 06704,Active; Active
106325,Ethos Environmental Partners LLC,"9900 Spectrum Dr
Austin, TX 78717",06/17/2025,12/31/2025,Active,Limited,Public Utilities,96393,Active
3934,"Farrior & Sons, Inc.","P. O. Box 127
Farmville, NC 27828",02/20/1964,12/31/2025,Active,Unlimited,Building; PU (Sewer Lines); PU (Water Lines); PU(Water Lines & Sewer Lines),00360; 60592; 00359,Active; Active; Active
85762,Full Source Construction & Consulting Inc.,"9000 Calthorpe Ln.
Waxhaw, NC 28173",05/25/2021,12/31/2025,Active,Limited,Public Utilities,59715,Active
80667,"Gaddis Bros., Inc.","PO Box 651
Harrisburg, NC 28075",09/25/2018,12/31/2023,Invalid,Unlimited,Building,34205,Active
12519,"Garner-Murphy Construction, Inc.","130 Chuck Garner Trail
Graham, NC 27253",04/29/1981,12/31/2025,Active,Unlimited,PU(Water Lines & Sewer Lines),01719; 01717; 01718,Active; Active; Active
74490,"Garrett Construction Services, Inc.","9821 E W T Harris Blvd
Charlotte, NC 28227",07/24/2014,12/31/2026,Active,Unlimited,Building,20224,Active
63017,"Garris Grading & Paving, Inc.","5950 Gay Rd
Farmville, NC 27828",04/05/2007,12/31/2025,Active,Unlimited,Highway,22016; 58473,Active; Active
44980,"Gavel Construction Services, Inc.","P. O. Box 1791
Denver, NC 28037",06/15/1999,12/31/2022,Invalid,Limited,Building; PU(Water Lines & Sewer Lines); PU(Water Pur. & Sewage Disp.),13439,Active
1707,Floyd S. Burge Construction Co.,"P.O. Box 10700
Winston-Salem, NC 27108",08/04/1947,,Archived,Unlimited,Building,,
76693,"Gen3 Energy Services, LLC","PO Box 16086
Greensboro, NC 27416",04/07/2016,12/31/2025,Active,Unlimited,Public Utilities,59699,Active
81942,Gitto Enterprises Inc.,"7320 Bassett Hall Ct.
Raleigh, NC 27616",05/21/2019,12/31/2025,Active,Unlimited,Building; H (Grading & Excavating); PU(Water Lines & Sewer Lines),32631; 102246; 101799,Active; Active; Active
103795,GLH Divine Consultants LLC,"5048 Crackling Woods Lane
Randleman, NC 27317",07/30/2024,12/31/2025,Active,Limited,Public Utilities,103582,Active
70521,"Goliath Construction, LLC","1021 Blue Leaf Place
Jacksonville, NC 28546",04/21/2011,12/31/2025,Active,Limited,Building; Public Utilities,26542,Active
106016,Grace Realty Group LLC,"2917 Plum Thicket Ct
Monroe, NC 28112",05/06/2025,12/31/2025,Active,Limited,Residential,105852,Active
85284,"Graham Roten Enterprises, LLC, T/A","518 Blairmont Dr
Boone, NC 28607",03/11/2021,12/31/2026,Active,Unlimited,Unclassified,8820,Active
52096,Grahams Construction Inc.,"27278 Andrew Jackson Hwy E Ste D
Delco, NC 28436",11/12/2002,12/31/2025,Active,Unlimited,Building; Highway; PU(Water Lines & Sewer Lines),16604; 98640,Active; Active
81073,Growth Management Services Inc.,"4209 Lassiter Mill Road
Suite 150
Raleigh, NC 27609",12/11/2018,12/31/2025,Invalid,Limited,Building,34506,Active
79825,GTB Construction LLC,"15122 Montage Ln
Charlotte, NC 28278",04/10/2018,12/31/2025,Active,Limited,Building,33475,Active
73360,Gulf Equipment Corporation,"5540 Business Pkway
Theodore, AL 36582",08/08/2013,12/31/2025,Active,Unlimited,Building,28581,Active
3146,"Harper General Contractors, Inc.","35 West Court Street, Suite 400
Greenville, SC 29601",10/31/1958,12/31/2025,Active,Unlimited,Building; PU(Water Lines & Sewer Lines); PU(Water Pur. & Sewage Disp.),00279; 00278; 105606,Active; Active; Active
42892,Hayes Inc.,"PO Box 53694
Fayetteville, NC 28305",10/22/1998,12/31/2025,Active,Unlimited,Building,5300,Active
82082,HEI Civil Carolinas LLC,"9815 David Taylor Drive Ste. 125
Charlotte, NC 28262",06/18/2019,12/31/2025,Active,Unlimited,Highway; Public Utilities,58416,Active
73078,"Hightower Communications, Inc.","PO Box 67
Kinston, NC 28502",05/22/2013,12/31/2025,Active,Limited,Building; Public Utilities,28365; 24821,Active; Active
47647,"Hilton, Inc.","5979 Appaloosa Way
Granite Falls, NC 28630",10/16/2000,12/31/2025,Active,Unlimited,Building; Highway; PU(Water Lines & Sewer Lines),14568; 58873,Active; Active
52225,"Hine Sitework, Inc.","1400 S. George St
Goldsboro, NC 27530",01/02/2003,12/31/2025,Active,Unlimited,Building; Highway; PU(Water Lines & Sewer Lines),15677; 16662,Active; Active
104386,"Hinterland Group, LLC","2051 W. Blue Heron Blvd
Riviera Beach, FL 33404",10/22/2024,12/31/2025,Active,Unlimited,PU(Water Lines & Sewer Lines),104754,Active
69738,"Hollins Construction Services, Inc.","3650 Rogers Rd Ste 320
Wake Forest, NC 27587",08/10/2010,12/31/2026,Active,Unlimited,Building; PU(Water Lines & Sewer Lines); PU(Water Pur. & Sewage Disp.),18054,Active
81873,"Hoopaugh Grading Company, LLC","303 Forsyth Hall Drive
Charlotte, NC 28273",05/07/2019,12/31/2025,Active,Unlimited,Highway; PU(Water Lines & Sewer Lines),28376; 23890; 13802,Active; Active; Active
101394,"Hurley's Earthworx, LLC","6620 NC Highway 73 West
Mount Gilead, NC 27306",08/29/2023,12/31/2025,Active,Unlimited,Building; Highway; PU(Water Lines & Sewer Lines),101102; 101929,Active; Active
84465,Huss Boring LLC,"1710 Barbee Road
Shelby, NC 28150",11/10/2020,12/31/2025,Active,Unlimited,Public Utilities,58736,Active
79628,"IDIAS Contracting, LLC","1 Glenwood Ave Ste 600
Raleigh, NC 27603",03/13/2018,12/31/2021,Invalid,Unlimited,No Active Classifications,,
8037,"Ike's Construction, Inc.","303 Executive Park Dr
Concord, NC 28025",04/28/1976,12/31/2025,Active,Unlimited,Unclassified,00904; 00905; 05631,Active; Active; Active
51977,"Inliner Solutions, LLC","4520 N State Rd 37
Orleans, IN 47452",11/12/2002,12/31/2026,Active,Unlimited,PU(Water Lines & Sewer Lines),28437,Active
82689,"Intrepid Build, LLC","35 Thompson Street
Pittsboro
North Carolina 27312",11/05/2019,12/31/2025,Active,Unlimited,Building,57512,Active
26784,"Iron Mountain Construction Co., Inc.","P. O. Box 24
Mountain City, TN 37683",01/17/1990,12/31/2025,Active,Unlimited,Highway; PU (Water Lines); PU(Water Lines & Sewer Lines),05871; 05872,Active; Active
78272,"J & K General Contractor, Inc.","5777 Fayetteville Rd
Raeford, NC 28376",05/10/2017,12/31/2025,Active,Unlimited,Unclassified,57613; 58815; 99491,Active; Active; Active
99611,"J. Kokolakis Contracting, Inc.","202 E. Center Street
Tarpon Springs, FL 34689",11/22/2022,12/31/2025,Active,Unlimited,Building,99576,Active
6794,"James E. Harris Construction Company, Inc.","P. O. Box 693
Huntersville, NC 28070",02/15/1974,12/31/2025,Active,Unlimited,Building; Highway; PU(Water Lines & Sewer Lines); PU(Water Pur. & Sewage Disp.),722,Active
85259,JC Property Professionals LLC,"1767 East Court St
Marion, NC 28752",03/16/2021,12/31/2025,Active,Limited,Building,33209,Active
7780,JDS Inc.,"272 Hurricane Shoals Rd NE
Lawrenceville, GA 30046",10/23/1975,12/31/2026,Active,Unlimited,PU(Water Lines & Sewer Lines),34901,Active
85293,JGR Development Group LLC,"1030 Homeland Ave
Greensboro, NC 27405",03/12/2021,12/31/2025,Active,Unlimited,Building; H (Grading & Excavating); PU(Water Lines & Sewer Lines),60104,Active
76058,"JLS Machine, Inc.","4360 Caldwell Rd
Newton, NC 28658",10/08/2015,12/31/2025,Active,Limited,Building; Public Utilities,00835; 30218,Active; Active
3783,"John E. Jenkins, Inc.","1451 Delta Dr.
Gastonia, NC 28052",04/18/1963,12/31/2025,Active,Unlimited,Highway; PU(Water Lines & Sewer Lines),00346; 00347,Active; Active
5514,John M. Campbell Company,"P. O. Box 687
Monroe, NC 28111",12/01/1970,12/31/2025,Active,Unlimited,Building,534,Active
4534,"Johnson Brothers Utility & Paving Company, Inc.","1924 N. Main Street
Lillington, NC 27546",04/13/1967,12/31/2025,Active,Unlimited,Highway; PU (Sewer Lines); PU (Water Lines); PU(Water Lines & Sewer Lines),00425; 00426,Active; Active
76192,Johnsons Contracting LLC,"PO Box 9944
Asheville, NC 28815",11/05/2015,12/31/2025,Active,Limited,Building; Public Utilities,30708,Active
17987,"Jones Grading & Fencing, Inc.","1726 Toal Street
Charlotte, Nc
28206",03/18/1985,12/31/2025,Active,Unlimited,Building; Highway; PU (Fuel Distribution),03016; 03018,Active; Active
77634,"JSmith Civil, LLC","PO Box 857
Goldsboro, NC 27533",01/03/2017,12/31/2025,Active,Unlimited,Highway; Public Utilities,31823,Active
66585,"K-Co Enterprises, Inc.","613 Hurricane Creek Rd.
Piemont, SC 29673",09/20/2008,12/31/2025,Active,Unlimited,Building; PU (Communications),24010,Active
34033,"Kemp Construction, Inc.","2217 Lynmore Drive
Sherrills Ford, NC 28673",01/11/1995,12/31/2025,Active,Unlimited,Building; PU(Water Lines & Sewer Lines); PU(Water Pur. & Sewage Disp.),08721; 34659,Active; Active
30735,"KRG Utility, Inc.","136 Macy Station
Kernersville, NC 27284",01/22/1993,12/31/2025,Active,Unlimited,PU(Water Lines & Sewer Lines),7382,Active
72869,"L.T. Hedrick Construction Company, Inc.","5930 E Old US Highway 64
Lexington, NC 27292",03/26/2013,12/31/2025,Active,Unlimited,Building; PU(Water Lines & Sewer Lines),34604; 57726,Active; Active
76156,"Lakeside Builders I, LLC","10612-D Providence Rd #498
Charlotte, NC 28277",10/08/2015,12/31/2025,Active,Limited,Building; PU(Water Lines & Sewer Lines),30676,Active
75645,"Lakeside Utilities, Inc.","770 Webb Mill Rd
Four Oaks, NC 27524",06/20/2015,12/31/2024,Invalid,Limited,Highway; PU(Water Lines & Sewer Lines),30287,Active
6205,The Lane Construction Corporation,"6125 Tyvola Centre Drive
Charlotte, NC 28217",10/10/1972,12/31/2025,Active,Unlimited,Highway; PU(Water Lines & Sewer Lines); PU(Water Pur. & Sewage Disp.),34900; 102403,Active; Active
83731,"Laser Construction Sitework & Utility Company, Inc.","PO Box 1367
Winterville, NC 27835",06/23/2020,12/31/2025,Active,Limited,PU(Water Lines & Sewer Lines),58170,Active
44717,"LCI-Lineberger Construction, Inc.","P.O. Box 1239
Lancaster, SC 29721",05/14/1999,12/31/2025,Active,Unlimited,Highway; PU(Water Lines & Sewer Lines),13304; 61386,Active; Active
33219,"Leak And Associates, Inc.","1421 Old Pageland Monroe Road
Monroe, NC 28112",07/13/1994,12/31/2025,Active,Unlimited,Building,99773; 57383,Active; Active
100229,"LEMIK General Contractor, LLC","516 D River Hwy
#377
Mooresville, NC 28117",03/14/2023,12/31/2025,Active,Limited,Building,100162,Active
63196,"Lloyd Grading and Utilities, Inc","4421 Manns Chapel Rd
Chapel Hill, NC 27516",05/08/2007,12/31/2025,Active,Limited,H (Grading & Excavating); PU(Water Lines & Sewer Lines),22125,Active
66575,Locke-Lane Construction Inc.,"5063 Taylorsville Hwy
Stony Point, NC 28678",08/07/2008,12/31/2025,Active,Unlimited,Building; Public Utilities,24000; 24002,Active; Active
37571,"Lomax Construction, Incorporated","PO Box 35169
Greensboro, NC 27425",09/11/1996,12/31/2025,Active,Unlimited,Building; PU(Water Lines & Sewer Lines),05034; 10237,Active; Active
57040,"Lorman, Inc.","P.O. Box 41
Dunn, NC 28335",02/10/2005,12/31/2025,Active,Unlimited,Highway; PU(Water Lines & Sewer Lines),19026; 19025; 19024,Active; Active; Active
68167,"M & M Construction of Banner Elk, Inc.","PO Box 695
Banner Elk, NC 28604",07/02/2009,12/31/2025,Active,Unlimited,Building; Highway; PU(Water Lines & Sewer Lines),23658; 24951,Active; Active
74672,"M & V Builders, LLC","4351 Main St, STE 208
Harrisburg, NC 28075",09/16/2014,12/31/2022,Invalid,Unlimited,Building; Public Utilities,29532; 29533,Active; Active
82674,"M.R.B. Enterprises, Inc.","410 Water Oak Lane
China Grove, NC 28023",09/16/2019,12/31/2025,Active,Limited,Building; Highway; PU(Water Lines & Sewer Lines),57442,Active
30271,"Magette Well & Pump Co., Inc.","2342 US 13 South
Ahoskie, NC 27910",07/10/1992,12/31/2025,Active,Intermediate,PU(Water Pur. & Sewage Disp.),7196,Active
12686,"Maymead, Inc.","PO Box 911
Mountain City, TN 37683",04/29/1981,12/31/2025,Active,Unlimited,Highway,01756; 01755,Active; Active
68006,"McClure's Communications, Inc.","1404 Rowland Hill Rd.
Marble, NC 28905",06/04/2009,12/31/2025,Active,Unlimited,Public Utilities,24837,Active
40116,"McFarland Construction, Inc.","3726 Artee Rd.
Shelby, NC 28150",09/15/1997,12/31/2023,Invalid,Limited,Building,11307,Active
99655,McKinney Construction Management LLC,"251 Ponderosa Drive
Spruce Pine NC, 28777",12/06/2022,12/31/2025,Active,Limited,Building,95860,Active
57889,"Mechanical Jobbers Marketing, Inc.","6691 Tribble St
Lithonia, Ga 30058",06/15/2005,12/31/2025,Active,Unlimited,Building; PU(Water Lines & Sewer Lines),19454,Active
17935,"Metcon, Inc.","75 Depot St.
Franklin, NC 28734",02/08/1985,,Archived,Unlimited,Building,,
61791,"Metra Industries, Inc.","50 Muller Pl
Little Falls, NJ 07424",11/22/2006,12/31/2025,Active,Unlimited,PU(Water Lines & Sewer Lines),21359; 101076,Active; Active
53501,"Midland Communications, Inc.","1363 Newtown Church Rd
Calhoun, Ga 30701",06/10/2003,12/31/2025,Active,Limited,Building; PU (Communications),17293,Active
56989,"Mid-South Irrigation & Landscape Construction, Inc.","P.O. Box 297
Lewisville, NC 27023",02/10/2005,12/31/2025,Active,Unlimited,Building; PU(Water Lines & Sewer Lines),18994,Active
78434,GML Builders LLC,"162 W Maranta Rd
Mooresville, NC 28117",06/08/2017,12/31/2025,Active,Limited,Building,32421,Active
87476,"Apex Contracting Group, LLC","3919 Beryl Rd, PO Box 33666
Raleigh, NC 33666",03/15/2022,12/31/2024,Invalid,Unlimited,Building; Highway,58606,Active
84993,"Monster Demolition, LLC","288 Railroad Road
Benson, NC 27504",02/02/2021,12/31/2024,Invalid,Limited,No Active Classifications,,Status
71272,"Moore & Seagle Construction, Inc.","1712 S NC 16 Business Hwy
Stanley, NC 28164",11/03/2011,12/31/2025,Active,Limited,Residential; Highway; PU(Water Lines & Sewer Lines),26397; 25653,Active; Active
56236,"M - W Electric, Inc., T/A","605 East 4Th Avenue
Red Springs, NC 28377",10/11/2004,12/31/2025,Active,Unlimited,PU(Electrical-Ahead of P.O.D.),18598,Active
77835,"Neely Brothers Construction and Plumbing, LLC","1295 Holland Rd.
Rock Hill, SC 29732",02/02/2017,12/31/2025,Active,Limited,Highway; PU(Water Lines & Sewer Lines),23588,Active
17865,Neo Corporation,"289 Silkwood Dr
Canton, NC 28716",01/16/1985,12/31/2025,Active,Unlimited,Building; H (Grading & Excavating); PU(Water Lines & Sewer Lines),2988,Active
77426,"NJR Group, Inc.","P.O. Box 924
Albemarle, NC 28002",10/21/2016,12/31/2025,Active,Unlimited,Building; Highway; PU(Water Lines & Sewer Lines),00242; 00241; 10194,Active; Active; Active
101689,Notch Construction LLC,"2200 Whilden Ct
Charlotte, NC 28211",10/10/2023,12/31/2024,Invalid,Limited,Building,100997,Active
73661,Oakbrooke Inc.,"128 Sadie Ln
Mooresville, NC 28115",11/20/2013,12/31/2025,Active,Unlimited,Building; PU(Water Lines & Sewer Lines),28795,Active
78073,"Oakes Grading, Inc.","PO Box 17
Youngsville, NC 27596",04/06/2017,12/31/2025,Active,Unlimited,Building; PU (Fuel Distribution); PU(Water Lines & Sewer Lines),34399; 100267,Active; Active
100359,P&G Development LLC,"5000 Falls Of Neuse Suite 100
Raleigh, NC 27609",03/28/2023,12/31/2024,Invalid,Limited,Building; Highway; PU(Water Lines & Sewer Lines),59279,Active
70444,"P & S Grading, LLC","4201 Belvoir Dr
Greensboro, NC 27406",03/05/2011,12/31/2025,Active,Unlimited,Unclassified,04376; 61452,Active; Active
103935,Pacific 1Builders LLC,"4030 Wake Forest Rd Ste 349
Raleigh, NC 27609",08/13/2024,12/31/2025,Active,Limited,Building,33728,Active
61552,"Page and Associates, Inc.","153-B Furlong Industrial Dr.
Kernersville, NC 27284",10/19/2006,12/31/2026,Active,Unlimited,Building; PU(Water Lines & Sewer Lines),12613,Active
81221,"Paragon Site Solutions, LLC","710 Peninsula Ln Ste E
Charlotte, NC 28273",01/01/2019,12/31/2025,Active,Unlimited,PU(Water Lines & Sewer Lines),34650,Active
100557,"Patterson Concepts, LLC","217 Club Crest Dr
Maggie Valley, NC 28751",04/25/2023,12/31/2025,Active,Unlimited,Building,96380,Active
6142,PC Construction Company,"193 Tilley Dr
South Burlington, VT 05403",07/19/1972,12/31/2025,Active,Unlimited,Building; Public Utilities,58075,Active
45362,"Pedulla Trucking, Excavating & Paving, Inc.","1275 Shinn Farm Rd.
Mooresville, NC 28115",08/13/1999,12/31/2025,Active,Unlimited,Building; Highway; PU(Water Lines & Sewer Lines),13597; 13598,Active; Active
73619,"Performance Cabling Technologies, Inc.","115 Gearren St.
Asheboro, NC 27205",11/07/2013,12/31/2025,Active,Unlimited,Building; Public Utilities,26966,Active
83951,"Performance Construction Services, Inc.","1367 Hyatt Creek Rd, Lt 51
Bryson City, NC 28713",08/18/2020,12/31/2025,Active,Limited,Building; PU(Water Lines & Sewer Lines),14497; 102147,Active; Active
82617,"Performance Services, Inc.","4670 Haven Point Blvd
Indianapolis, IN 46280",10/08/2019,12/31/2025,Active,Unlimited,Building,57393; 106413,Active; Active
81072,Persons Services Corp.,"4474 Halls Mill Rd.
Mobile, AL 36693",12/11/2018,12/31/2025,Active,Unlimited,Building,103658,Active
21640,"Phoenix Fabricators and Erectors, LLC","182 South County Rd. 900 E
Avon, IN 46123",01/21/1987,12/31/2025,Active,Unlimited,Building,23939,Active
67677,"Potter Construction Services, Inc.","1001 Palmer Plaza Ln
Charlotte, NC 28211",04/09/2009,12/31/2025,Active,Unlimited,Building,07526; 34569; 29389,Active; Active; Active
85198,Precision Depth Utilities LLC,"5104 Cool Springs Rd.
Broadway, NC 27505",03/02/2021,12/31/2025,Active,Unlimited,Unclassified,59149,Active
100503,Pro City Water And Sewage LLC,"209 Laurel Wood Dr
Smithfield, NC 27577",04/18/2023,12/31/2025,Active,Limited,Building; PU(Water Lines & Sewer Lines),99874,Active
34046,"Pull Construction Company, Inc.","P. O. Box 16725
Greensboro, NC 27416",01/11/1995,12/31/2025,Active,Intermediate,Building; PU(Water Lines & Sewer Lines),6338,Active
76952,"Purser Central Rewinding Co., Inc.","PO Box 1217
Concord, NC 28026",06/02/2016,12/31/2025,Active,Limited,Building; Public Utilities,31284,Active
105357,"Qwestar, LLC","124 Cemetery Rd
Gastonia, NC 28056",02/27/2025,12/31/2025,Active,Limited,Residential,104822,Active
67298,"RBC Utilities, LLC","4381 Charlotte Hwy Ste 101
Lake Wylie, SC 29710",02/05/2009,12/31/2025,Active,Unlimited,Highway; PU(Water Lines & Sewer Lines),24410; 24411,Active; Active
987,Reeves Construction Company,"250 Plemmons Road
Duncan, SC 29334",09/28/1934,12/31/2025,Active,Unlimited,Highway; Public Utilities,25803; 25802,Active; Active
104207,Reim Construction LLC,"6507 Somerset Drive
Myrtle Beach, Sc 29572",09/24/2024,12/31/2025,Active,Unlimited,Building,104400,Active
86854,Renaissance Unlimited Contractors Inc,"14137 Perugia Way 106
Charlotte, NC 28273",11/30/2021,12/31/2025,Active,Unlimited,Building,31413,Active
76971,"Resource Recovery Solutions, LLC","230 Ingonish Dr
Gastonia, NC 28056",06/15/2016,12/31/2025,Active,Unlimited,Building,57929,Active
79945,"Adawi Revels, T/A","201 Weisner Rd.
Olin, NC 28660",04/24/2018,12/31/2024,Invalid,Limited,Building; Public Utilities,33566,Active
32900,"Richard Catlin And Associates, Inc.","220 Old Dairy Rd.
Wilmington, NC 28405",04/13/1994,12/31/2025,Active,Unlimited,Building; Public Utilities,8262,Active
5323,"Rightmyer Machine Rentals, Inc.","497 Highway 48
Roanoke Rapids, NC 27870",04/01/1970,12/31/2025,Active,Unlimited,Unclassified,517,Active
73047,"Rike Roofing Services, Inc.","9160 Northfield Drive
Fort Mill, SC 29707",05/07/2013,12/31/2026,Active,Unlimited,Building; PU(Water Lines & Sewer Lines),28338; 51315,Active; Active
27348,"River City Construction, LLC","3534 Cherry Run Rd.
Washington, NC 27889",04/11/1990,12/31/2025,Active,Unlimited,Public Utilities,06086; 60065; 60191,Active; Active; Active
81849,"Riverstone Construction and Home Improvement Company, T/A","2018 Fort Bragg Rd Ste 118 B
Fayetteville, NC 28303",05/07/2019,12/31/2025,Active,Limited,Building,27996,Active
58073,"RLT & Associates, Inc.","111 Tasha Lane
Fuquay Varina, NC 27526",07/11/2005,12/31/2025,Active,Limited,Building; Highway; PU(Water Lines & Sewer Lines),19553; 01530; 14109,Active; Active; Active
104307,RNS Contractors LLC,"4819 Emperor Blvd, Suite 400
Durham, NC 27703",10/08/2024,12/31/2025,Active,Limited,Building; PU(Water Lines & Sewer Lines),22405,Active
51324,"Rowland Contracting, Inc.","P.O. Box 58484
Raleigh, NC 27658",07/10/2002,12/31/2025,Active,Intermediate,Building; PU(Water Lines & Sewer Lines); PU(Water Pur. & Sewage Disp.),16213,Active
62829,"S & S Backhoe Services, Inc.","382 Harvell Rd
Harrells, NC 28444",03/08/2007,12/31/2025,Active,Limited,H (Grading & Excavating); PU(Water Lines & Sewer Lines),21933,Active
105165,S & R Roofing & Interiors LLC,"5838 Saint Rose Church Rd
Wilson, NC 27893",01/28/2025,12/31/2025,Active,Intermediate,Building,105493,Active
54748,"S. J. Louis Construction, Inc.","P. O. Box 459
Rockville, MN 56369",01/02/2004,12/31/2025,Active,Unlimited,Highway; Public Utilities,17921; 35380,Active; Active
68372,"SAK Construction, LLC","864 Hoff Rd
O'Fallon, MO 63366",09/19/2009,12/31/2025,Active,Unlimited,PU(Water Lines & Sewer Lines),25090; 99881,Active; Active
103799,"Samsons Construction, Inc.","8025 North Point Blvd Ste 290
Winston Salem, NC 27106",07/30/2024,12/31/2025,Active,Limited,Highway; PU(Water Lines & Sewer Lines),32321,Active
4548,"Shaw Construction Company, Inc.","1248 Bill Shaw Rd
Spring Lake, NC 28390",04/13/1967,12/31/2026,Active,Unlimited,Building; PU(Water Lines & Sewer Lines),00430; 97635,Active; Active
83287,Silver Lion LLC.,"1303 Standish St.
Salisbury, NC 28144",03/03/2020,12/31/2026,Active,Limited,S (Asbestos),57975,Active
81522,"Simmons Public Utility Site Work, Inc.","112 Caldis St
Whiteville, NC 28472",02/26/2019,12/31/2025,Active,Unlimited,Highway; PU(Water Lines & Sewer Lines),34886,Active
51498,"Sink Tower Erection Co., Inc.","183 Bradley Tysinger Rd.
Lexington, NC 27295",08/12/2002,12/31/2023,Invalid,Limited,Building; PU (Communications),16299,Active
100672,"Sir J Garrison, Inc.","286 W Millbrook Rd
Raleigh, NC 27609",05/09/2023,12/31/2025,Active,Limited,Building,30939,Active
52803,"Siteworks, LLC","P. O. Box 7248
Charlotte, NC 28241",03/10/2003,12/31/2025,Active,Unlimited,Building; Highway; PU(Water Lines & Sewer Lines),16963; 16964,Active; Active
39936,"SKC, Inc.","621 Boone Farm Road
Asheboro, NC 27205",07/15/1997,12/31/2025,Active,Unlimited,Building; PU(Water Lines & Sewer Lines),11229; 32682,Active; Active
100135,Snj Utilities LLC,"210 Jewel Haven Way
Knightdale , NC 27545",02/14/2023,12/31/2025,Active,Limited,PU(Water Lines & Sewer Lines),99907,Active
84311,Sonset Services LLC,"2017 Coxwoods Rd.
Clayton, NC 27520",08/17/2020,12/31/2025,Active,Limited,PU(Water Lines & Sewer Lines),58605,Active
87344,"Southern Terrain, LLC","2902 Cabarrus Dr.
Greensboro, NC 27407",03/01/2022,12/31/2025,Active,Limited,Unclassified,60839,Active
9237,"Sowers Construction Co., Inc.","133 White Pines Country Club Road
Mount Airy, NC 27030",10/25/1977,12/31/2025,Active,Unlimited,Unclassified,01102; 60101,Active; Active
74522,"Span Builders, LLC","3434 Edwards Mill Rd Ste 112-305
Raleigh, NC 27612",08/07/2014,12/31/2025,Active,Unlimited,Unclassified,20344,Active
61706,SRS Inc.,"137 Danielle Dr.
Stanfield, NC 28163",11/09/2006,12/31/2023,Invalid,Unlimited,Building,21322,Active
62182,State Contracting Inc.,"PO Box 1934
Wake Forest, NC 27588",01/02/2007,12/31/2025,Active,Unlimited,Highway; Public Utilities,26526; 60257,Active; Active
67060,"Step Construction, Inc.","3423 Brothers Rd
LaGrange, NC 28551",01/02/2009,12/31/2025,Active,Unlimited,Building; Highway; PU(Water Lines & Sewer Lines); PU(Water Pur. & Sewage Disp.),11304; 24261; 24260,Active; Active; Active
83991,"SterlingPillar, LLC","3515 Glenwood Avenue, Suite 350
Raleigh, North Carolina 27612",08/18/2020,12/31/2025,Active,Unlimited,Building,107452,Active
101135,"Stringer Sturgies Group, LLC","2400 Greenland Ave
Charlotte, NC 28208",08/01/2023,12/31/2025,Active,Limited,Building,29162,Active
71070,"Sundt Construction, Inc.","2620 S 55th St
Tempe, AZ 85282",09/08/2011,12/31/2025,Active,Unlimited,Building,26919,Active
24941,"Sunland Builders, Inc.","4846-A Hwy 24
Newport, NC 28570",10/05/1988,12/31/2025,Active,Unlimited,Building; Highway; PU(Water Lines & Sewer Lines),05221; 05220,Active; Active
71356,"Sustainable Modular Management, Inc.","2500 Legacy Dr Ste 100
Frisco, Tx 75034",01/03/2012,12/31/2025,Invalid,Unlimited,Building,27114,Active
67412,Suttles Trucking and Grading Inc.,"2761 Harmony Grove Rd
Nebo, NC 28761",02/05/2009,12/31/2025,Active,Unlimited,Highway; PU(Water Lines & Sewer Lines),24471,Active
325,T. A. Loving Company,"PO Box 919
Goldsboro, NC 27533",01/01/1940,12/31/2025,Active,Unlimited,Unclassified,21927; 00109; 42662; 00949,Active; Active; Active; Active
23975,T. P. Smith Construction Corporation,"PO Box 1739
Forest City, NC 28043",04/13/1988,12/31/2025,Active,Unlimited,Building; PU (Fuel Distribution),1228,Active
106132,"T3 Clearing and Grading, LLC","5073 Garland Hwy
Clinton, NC 28328",05/20/2025,12/31/2025,Active,Unlimited,Building; Highway,106489; 00967,Active; Active
88547,"Tabourn Custom Builders, LLC","2045 Cherrytree Lane
Winterville, NC 28590",08/30/2022,12/31/2025,Active,Limited,Building,61723,Active
102051,"The Motz Group, LLC","1 Motz Way
Cincinnati, OH 45244",12/05/2023,12/31/2026,Active,Unlimited,Building; H (Grading & Excavating); PU(Water Lines & Sewer Lines),102168,Active
3099,The Whiting-Turner Contracting Company,"8529 Six Forks Rd., Forum IV, Ste. 150
Raleigh, NC 27615",04/16/1958,12/31/2025,Active,Unlimited,Unclassified,57283; 58756,Active; Active
64162,"Thunder Contracting, Inc.","18001 Great Smoky Mountain Expy
Waynesville, NC 28786",09/18/2007,12/31/2025,Active,Unlimited,Highway; PU(Water Lines & Sewer Lines),11665,Active
18885,"TMC-Taylor Construction, Inc.","1406 Castle Hayne Rd
Wilmington, NC 28401",08/12/1985,12/31/2025,Active,Unlimited,Building; Highway; PU(Water Lines & Sewer Lines),08929; 03281; 03280; 60562,Active; Active; Active; Active
78024,"Tower Communications Expert, LLC","114 Shore Drive
Burr Ridge, IL 60527",03/02/2017,12/31/2025,Active,Unlimited,PU (Communications),32101,Active
99346,"TRAVIES KIMARL & CO., L.L.C.","511 S. Mangum St. Ste 5138
Durham, NC 27701",09/27/2022,12/31/2025,Active,Unlimited,Building,96368,Active
66384,"Trillium Development, Inc., T/A","PO Box 39
Rice, MN 56367",07/03/2008,12/31/2013,Archived,Limited,PU (Communications),23879,Active
106405,Triple R Robinson's Renovations and Remodels LLC,"212 N Wilkins Road
Haw River, NC 27258",07/01/2025,12/31/2025,Active,Limited,Building,106401,Active
52247,"Tripp Bro's, Inc.","P.O. Box 128
Ayden, NC 28513",01/07/2003,12/31/2025,Active,Unlimited,Highway; PU(Water Lines & Sewer Lines),16674; 16673; 57522,Active; Active; Active
32168,Tri-State Utilities LLC,"2111 Smith Ave
Chesapeake, VA 23320",10/15/1993,12/31/2025,Active,Unlimited,Public Utilities,61314,Active
1299,Turner Construction Company,"4135 S. Stream Blvd.
Suite 300
Charlotte, NC 28217",01/01/1940,12/31/2026,Active,Unlimited,Unclassified,100153; 106014,Active; Active
22609,"Turner Utilities, Inc.","Rt. 2, Box 276
Clemmons, NC 27012",07/08/1987,,Archived,Intermediate,PU (Sewer Lines); PU (Water Lines),,
67085,"Turn-Key Tunneling, Inc.","1247 Stimmel Rd
Columbus, OH 43223",01/02/2009,12/31/2025,Active,Unlimited,PU(Water Lines & Sewer Lines); S (Boring & Tunneling),24275; 104688,Active; Active
83666,"TUSCOV, LLC","1228 Broad St.
New Bern, NC 28560",06/23/2020,12/31/2025,Active,Limited,Building,59447,Active
4697,"James L. Sartin, T/A","304 N. Gurney St.
Burlington, NC 27215",10/12/1967,,Archived,Limited,Building,,
47895,"Utilities Plus, Inc.","8611 Hairs Chapel Church Rd
Linden, NC 28356",01/10/2001,12/31/2020,Archived,Unlimited,PU(Water Lines & Sewer Lines),13427,Active
77089,"Utility Asset Management, Inc.","PO Box 1665
Perry, GA 31069",07/20/2016,12/31/2025,Active,Limited,PU(Water Lines & Sewer Lines),102615,Active
70752,"Utility Partners of America, LLC, T/A","1881 Suber Mill Rd.
Greenville, SC 29650",06/03/2011,12/31/2026,Active,Unlimited,Building; PU(Electrical-Ahead of P.O.D.),26689; 59932,Active; Active
4774,Utility Service Corp.,"169 E. Highland Parkway
Roselle, NJ 97203",02/19/1968,,Archived,Unlimited,PU(Electrical-Ahead of P.O.D.),,
75288,VHM Contracting LLC,"3000 High Glen Dr. Apt K
Charlotte, NC 28269",03/14/2015,12/31/2025,Active,Limited,Highway; PU(Water Lines & Sewer Lines),30023,Active
69958,"Vistabution, LLC","8315 Six Forks Rd Ste 205
Raleigh, NC 27615",10/07/2010,12/31/2025,Active,Unlimited,Highway; S (Asbestos),26131; 24175,Active; Active
35353,"Vital Fuel Systems, Inc.","2501 Schieffelin Road, Suite 114
Apex, NC 27502",10/18/1995,12/31/2025,Active,Unlimited,Building; Public Utilities,09292; 09294; 09293; 34442,Active; Active; Active; Active
29260,"W. M. Jordan Company, Incorporated","PO Box 1337
Newport News, VA 23601",07/12/1991,12/31/2025,Active,Unlimited,Building,58355,Active
35745,"Water & Waste Systems Construction, Inc.","14 Apothecary Ct
Garner, NC 27529",01/10/1996,12/31/2025,Active,Unlimited,PU(Water Lines & Sewer Lines); PU(Water Pur. & Sewage Disp.),9461,Active
65034,"Water Purification Consultants, Inc.","653 Blue Rock Ct
Winston Salem, NC 27103",01/02/2008,12/31/2026,Active,Unlimited,Building; PU(Water Lines & Sewer Lines),23106,Active
78121,"WCB Builders of Raleigh, LLC","2432 Smokerise Ct
Raleigh, NC 27615",04/06/2017,12/31/2025,Active,Unlimited,Building,22500,Active
84599,"WGK Construction, LLC","1756 Heritage Center Dr. Suite 203
Wake Forest, NC 27587",10/05/2020,12/31/2025,Active,Unlimited,PU(Water Lines & Sewer Lines); PU(Water Pur. & Sewage Disp.),58844,Active
66855,"White Construction Group, Inc.","2975 Rosindale Rd
Clarkton, NC 28433",10/09/2008,12/31/2025,Active,Limited,PU(Water Lines & Sewer Lines),24137,Active
86109,"Wildcat Contractors, Inc.","2212 Plastics Drive
Gastonia, NC 28054",07/20/2021,12/31/2025,Active,Unlimited,Building; Public Utilities,59960,Active
83285,Wolf Line Construction Company,"1831 Reynolds Ave
North Charleston, SC 29405",11/01/2099,12/31/2025,Active,Unlimited,PU(Electrical-Ahead of P.O.D.),57982,Active
53986,"Worrell Contracting Co., Inc","201 N Center St
Goldsboro, NC 27530",09/10/2003,12/31/2025,Active,Limited,Highway; PU(Water Lines & Sewer Lines),17528,Active
64113,"Wynn Site Development, Inc.","165 Sommerville Park Rd.
Raleigh, NC 27603",09/06/2007,12/31/2025,Active,Unlimited,H (Grading & Excavating); PU(Water Lines & Sewer Lines),22602; 100764; 100765,Active; Active; Active
67356,"Cate Associates, Inc., T/A","202 North Dixon Ave
Cary, NC 27513",02/19/2009,12/31/2026,Active,Unlimited,Building,24436,Active
83622,"Youngco, Inc","100 East King Street
Kings Mountain, NC 28086",02/17/2020,12/31/2025,Active,Unlimited,Unclassified,58118,Active
83622,"Youngco, Inc","100 East King Street
Kings Mountain, NC 28086",02/17/2020,12/31/2025,Active,Unlimited,Unclassified,58118,Active
69450,Zachry Construction Corporation,"14410 Wurzbach Parkway, Suite 120
San Antonio, TX 78216",05/06/2010,12/31/2025,Active,Unlimited,Highway; Public Utilities,25798; 25799,Active; Active
