Vendor_Name,License_Number,Address,City,State,ZipCode,County,Country,URL,Evp_Status,NC_eProcurement,HUB,HUB_Category,HUB_Cert_Start_Date,HUB_Cert_End_Date,HUB_Active,PWC_Active,NCSBE,NCSBE_Cert_Start_Date,NCSBE_Cert_End_Date,Small_Business,DBE,NPWC,General_Contractor,General_Contractor_Limitation,General_Contractor_Work_Classification,General_Contractor_License_Number,Electrical_Contractor,Electrical_License_Specialties,Electrical_License_Level,Electrical_License_Number,Plumbing_Fire_Sprinkler_Contractor,Plumbing_Fire_Sprinkler_License_Classifications,Plumbing_Fire_Sprinkler_LicenseNumber,Mechanical_Heating,Mechanical_Heating_License_Classifications,Mechanical_Heating_License_Number,Trades_Sub-Contractor,Trades_Sub_Contractor_License_Number,Architectural_Services,Engineering_Services
24North Investments LLC,85168,1124 Raven Perch dr,wendell,North Carolina,27591,Wake,United States,,Active,Inactive,,,,,,,,,,0,0,0,1,Limited,Building; Residential; Public Utilities,85168,0,,,,0,,,0,,,0,,1,1
51st State Inc.,106057,"4030 Wake Forest Road, STE 349",Raleigh,North Carolina,27609,Wake,United States,https://www.51ststateconstruction.com,Active,Active,,,,,,,,,,0,0,0,1,Unlimited,Building; Residential; Highway; Public Utilities; Unclassified,106057,0,,,,0,,,0,,,0,,0,0
"A & D Enterprises, Inc.",52165,2975 Motsinger Road,Winston-Salem,North Carolina,27107,Davidson,United States,,Active,Inactive,Certified,Female,2022-01-06,2026-01-06,,,Certified,2022-02-15,2026-02-15,0,0,0,1,Limited,Public Utilities,68764,0,,,,0,,,0,,,1,,0,0
"A & M Ventures, Inc.",34951,"5520 McNeely Drive, Suite 303",Raleigh,North Carolina,27612,Wake,United States,https://www.habitechbuilders.com,Active,Not Applicable,Not Certified,,2019-12-13,2023-12-13,,,Not Certified,2019-12-13,2023-12-13,0,0,0,1,Unlimited,Building; Residential; Highway; Public Utilities,34951,0,,,,0,,,0,,,0,,0,1
A&D Environmental Services,62945,PO Box 484,High Point,North Carolina,27261,Guilford,United States,https://www.adenviro.com,Active,Active,,,,,,,,,,0,0,0,1,Unlimited,Building; Highway; Public Utilities; Unclassified,,0,,,,0,,,0,,,1,,0,1
A&M Premier Roofing & Construction,103298,5540 Centerview Dr,Raleigh,North Carolina,27606,Wake,United States,https://www.amprco.com,Active,Inactive,,,,,,,,,,0,0,0,1,,Building; Residential; Public Utilities,103298,0,,,,0,,,0,,,0,,0,0
"A+ TREE AND CRANE SERVICES, INC.",101115,5540 Centerview Dr.,Raleigh,North Carolina,27606,Wake,United States,https://www.aplustrees.com/,Active,Active,Certified,Black,2024-06-28,2028-06-28,,,,,,0,0,0,1,Limited,Building; Public Utilities,101115,0,,,,0,,,0,,,1,,0,0
"A1 Consulting Group, Inc.",37191,117 International Drive,Morrisville,North Carolina,27560,Wake,United States,https://www.a1consultinggroup.com,Active,Active,Certified,Asian American,2022-05-26,2026-05-26,,,,,,0,0,0,1,Unlimited,Building; Highway; Public Utilities; Unclassified,,0,,,,0,,,0,,,0,,1,1
ABTAK OF DURHAM INC,71930,11 LOGGING TRAIL,"DURHAM,",North Carolina,27707,Durham,United States,,Active,Not Applicable,Not Certified,,2020-08-05,2024-08-05,,,,,,0,0,0,1,,Building; Public Utilities,71930,1,,,,0,,,0,,,1,71930,0,0
AC Grading & Farm Inc,84462,16930 West Catawba Ave,Charlotte,North Carolina,28031,Mecklenburg,United States,,Active,Not Applicable,,,,,,,,,,0,0,0,1,Limited,Building; Highway; Public Utilities; Unclassified,84462,0,,,,0,,,0,,,0,,0,0
Ace Construction Enterprises,27503,PO Box 244,CANTON,North Carolina,28716,Haywood,United States,https://www.aceconstructioninc.com,Active,Active,Certified,Female,2022-07-06,2026-07-06,,,,,,0,0,0,1,Limited,Building; Residential; Highway; Public Utilities,65747,0,,,,0,,,0,,,1,65747,0,0
"Ace/Avant Concrete Construction Co., Inc.",40385,5358 Poole Road,Archdale,North Carolina,27263,Randolph,United States,https://www.aceavant.com,Active,Active,,,,,,,,,,0,0,0,1,Unlimited,Building; Highway; Public Utilities,40385,0,,,,0,,,0,,,0,,0,0
Action Environmental LLC,85395,204 20th Street North,Birmingham,Alabama,35203,,United States,https://www.actn.com,Active,Inactive,,,,,,,,,,0,0,0,1,,Building; Public Utilities,,0,,,,0,,,0,,,1,,0,1
Advanced Wireless Solutions,53943,225 Airport Rd.,Gray,Tennessee,37615,,United States,https://www.awsinc.biz,Active,Active,,,,,,,,,,0,0,0,1,Limited,Building; Public Utilities,53943,0,,,,0,,,0,,,0,,0,0
"AECOM Technical Services, Inc.",40010,7595 Technology Way,Denver,Colorado,80237,,United States,https://www.aecom.com,Active,Active,,,,,,,,,,0,0,0,1,,Highway; Public Utilities,,0,,,,0,,,0,,,0,,1,1
"AM-Liner East, Inc.",43398,,,,,,,https://www.amlinereast.com,Pending,Not Applicable,,,,,,,,,,0,0,0,1,Unlimited,Public Utilities,43398,0,,,,0,,,0,,,0,,0,0
Anson Group LLC,99662,13928 Ballantyne Meadows Dr,Charlotte,North Carolina,28277,Mecklenburg,United States,https://www.ansongc.com,Active,Inactive,,,,,,,,,,0,0,0,1,Unlimited,Building; Residential; Highway; Public Utilities; Unclassified,99662,0,,,,0,,,0,,,0,,0,0
Arrowhead Contractors LLC,87280,1192 TSALI BLVD,Cherokee,North Carolina,28719,Swain,United States,https://arrowheadcontractorsllc.com,Active,Active,,,,,,,,,,0,0,0,1,Unlimited,Building; Highway; Public Utilities,87280,0,,,,0,,,0,,,0,,0,0
"AshBritt, Inc.",102249,565 E. Hillsboro Blvd.,Deerfield Beach,Florida,33441,,United States,https://www.ashbritt.com,Active,Active,,,,,,,,,,0,0,0,1,,Public Utilities,102249,0,,,,0,,,0,,,0,,0,0
"ATD Building, Inc",79709,3001 Wrightsville Ave,Wilmington,North Carolina,28403,New Hanover,United States,https://www.atdbuilding.com,Active,Active,Not Certified,,2020-06-24,2024-06-24,,,,,,0,0,0,1,Unlimited,Building; Residential; Public Utilities,79709,0,,,,0,,,0,,,1,79709,0,1
"Atlantic On-Site Development, LLC",79283,408 N Green St,Holly Ridge,North Carolina,28445,Onslow,United States,,Active,Not Applicable,,,,,,,,,,0,0,0,1,Unlimited,Building; Public Utilities,79283,0,,,,0,,,0,,,0,,0,0
"B & B Crane Service, LLC",71938,PO Box 1594,Shallotte,North Carolina,28459,Brunswick,United States,https://www.bandbcraneservice.com,Active,Active,Certified,Female,2023-09-14,2027-09-14,,,,,,0,0,0,1,Unlimited,Highway; Public Utilities,61504,0,,,,0,,,0,,,0,,0,0
"B&N Grading, Inc.",75683,PO Box 790496,Charlotte,North Carolina,28206,Mecklenburg,United States,https://www.bngrading.com,Active,Active,Certified,Female,2024-11-12,2028-11-12,,,,,,0,0,0,1,Limited,Highway; Public Utilities,75683,0,,,,0,,,0,,,1,,0,0
Badger Daylighting Corp,83849,4910 N 900 E,Brownsburg,Indiana,46112,,United States,https://www.badgerinc.com,Active,Active,,,,,,,,,,0,0,0,1,Unlimited,Building; Highway; Public Utilities; Unclassified,83849,1,,,,0,,,0,,,1,,0,0
Baker's Construction & Excavation Co,67734,4620 Weaver Pike,Bluff City,Tennessee,37618,,United States,,Active,Not Applicable,Certified,Female,2022-05-12,2026-05-12,,,,,,0,0,0,1,Unlimited,Highway; Public Utilities,67734,0,,,,0,,,0,,,0,,0,0
BALCA INC,101293,602 LITTLE GAP RD,Fleetwood,North Carolina,28626,Ashe,United States,https://www.balcainc.com/,Active,Active,,,,,,,,,,0,0,0,1,Unlimited,Building; Residential; Highway; Public Utilities; Unclassified,101293,0,,,,0,,,0,,,0,,0,0
"Barbour Brothers Construction, Inc.",75557,PO Box 95,Pikeville,North Carolina,27863,Wayne,United States,https://www.barbourbrothers.com,Active,Not Applicable,Certified,Female,2023-02-06,2027-02-06,,,,,,0,0,0,1,Limited,Public Utilities,75557,0,,,,0,,,0,,,1,75557,0,0
Barrow Construction Inc.,11909,PO Box 8861,Greensboro,North Carolina,27419,Guilford,United States,,Active,Active,,,,,,,,,,0,0,0,1,Limited,Public Utilities,11909,0,,,,0,,,0,,,0,,0,0
Barton Malow Builders,83493,2322 Dunavant Street,Charlotte,North Carolina,28203,Mecklenburg,United States,https://www.bartonmalow.com,Active,Inactive,,,,,,,,,,0,0,0,1,,Building; Residential; Highway; Public Utilities; Unclassified,83493,0,,,,0,,,0,,,0,,0,0
"Batista Grading, Inc.",51729,6200 Little Creek Church Road,Clayton,North Carolina,27520,Johnston,United States,https://www.bgsus.com,Active,Not Applicable,Certified,Hispanic,2022-09-08,2026-09-08,,,,,,0,0,0,1,,Highway; Public Utilities,51729,0,,,,0,,,0,,,1,51729,0,0
"Baxter Johnson Contracting, Inc.",58977,1513 S Bloodworth St,Raleigh,North Carolina,27610,Wake,United States,,Active,Active,,,,,,,,,,0,0,0,1,Unlimited,Highway; Public Utilities,58977,0,,,,0,,,0,,,0,,0,0
"Baynor Construction, Inc.",50548,5117 River Road,Washington,North Carolina,27889,Beaufort,United States,,Active,Active,Not Certified,,,,,,Certified,2024-04-03,2028-04-03,0,0,0,1,Unlimited,Public Utilities,50548,0,,,,0,,,0,,,1,,0,0
BBUDC INC,75152,PO Box 52552,DURHAM,North Carolina,27717-2552,Durham,United States,,Active,Inactive,,,,,,,,,,0,0,0,1,Limited,Building; Residential; Public Utilities,75152,0,,,,0,,,0,,,0,,0,0
"Bell Construction Co., Inc.",3051,2472 Northside Drive,Statesville,North Carolina,28625,Iredell,United States,https://bellconstruction-nc.com,Active,Not Applicable,,,,,,,,,,0,0,0,1,Unlimited,Building; Highway; Public Utilities,3051,0,,,,0,,,0,,,0,,0,0
"Better Cable Systems,Inc",52273,1230 N.Main St.,Roxboro,North Carolina,27573,Person,United States,,Active,Not Applicable,Certified,Female,2023-05-08,2027-05-08,,,,,,0,0,0,1,Unlimited,Highway; Public Utilities,52273,1,,,,0,,,0,,,1,,0,0
"Bio-Nomic Services, Inc.",73569,530 Woodlawn Street,Belmont,North Carolina,28012,Gaston,United States,https://www.bio-nomic.com,Active,Active,,,,,,,,,,0,0,0,1,Unlimited,Public Utilities,73569,0,,,,0,,,0,,,0,,0,0
Blakeney INC LLC,80759,2 bruin ct,greensboro,North Carolina,27405,Guilford,United States,https://www.blakeneyinc.com,Active,Inactive,Not Certified,,2021-08-04,2025-08-04,,,Certified,2022-03-03,2026-03-03,0,0,0,1,Unlimited,Building; Residential; Highway; Public Utilities; Unclassified,80759,0,,,,0,,,0,,,1,80759,0,0
BLANKENSHIP ASSOCIATES LLC,51402,PO Box 30425,Raleigh,North Carolina,27622,Wake,United States,"https://www,blankenshipassociates.com",Active,Active,Certified,Female,2022-08-12,2026-08-12,,,,,,0,0,0,1,Intermediate,Building; Public Utilities,51402,0,,,,0,,,0,,,1,51402,1,1
"BMCO Construction, Inc.",18023,POB 1361,Lumberton,North Carolina,28359,Robeson,United States,https://www.bmcoconstruction.com,Active,Active,Certified,Female,2023-12-19,2027-12-19,,,,,,0,0,0,1,Unlimited,Highway; Public Utilities; Unclassified,18023,0,,,,0,,,0,,,1,18023,0,0
"Bobby Cahoon Construction, Inc",62120,6003 NEUSE ROAD,GRANTSBORO,North Carolina,28529,Pamlico,United States,https://www.bobbycahoonconstruction.com,Active,Active,Certified,Female,2024-01-26,2028-01-26,,,,,,0,0,0,1,Unlimited,Public Utilities; Unclassified,62120,0,,,,0,,,0,,,1,62120,0,0
"BOYD UTILITY BORING, INC.",30705,PO Box 1047,FOREST CITY,North Carolina,28043,Rutherford,United States,https://www.boydutilityboring.com,Active,Active,,,,,,,,,,0,0,0,1,,Highway; Public Utilities,30705,0,,,,0,,,0,,,1,30705,0,0
"Branch Civil, Inc.",28182,3635 Peters Creek Rd NW,Roanoke,Virginia,24019,,United States,https://www.branchgroup.com/,Active,Active,,,,,,,,,,0,0,0,1,Unlimited,Highway; Public Utilities,28182,0,,,,0,,,0,,,0,,0,0
Brock Mountain Land Company LLC,82393,258 Old Weaverville Hwy.,Asheville,North Carolina,28804,Buncombe,United States,https://brockmlc.com/,Active,Active,Certified,Female,2023-11-03,2027-11-03,,,,,,0,0,0,1,Limited,Building; Residential; Highway; Public Utilities; Unclassified,82393,0,,,,0,,,0,,,1,82393,0,0
"Brushy Mountain Builders, Inc.",60284,3390 Gaither Walker Circle,Lenoir,North Carolina,28645,Caldwell,United States,,Active,Inactive,,,,,,,,,,0,0,0,1,Unlimited,Building; Residential; Public Utilities,60284,0,,,,0,,,0,,,0,,0,0
"Bryson Enterprises, Ltd",69727,2939 Cashiers Rd,Highlands,North Carolina,28741,Macon,United States,https://brysongrading.com,Active,Active,,,,,,,,,,0,0,0,1,Unlimited,Highway; Public Utilities,69727,0,,,,0,,,0,,,0,,0,0
"Buckeye Bridge, LLC",72900,654 Buckeye Cove Road,Canton,North Carolina,28716,Haywood,United States,https://www.buckeyebridgellc.com/,Active,Active,,,,,,,,,,0,0,0,1,Unlimited,Building; Highway; Public Utilities,72900,0,,,,0,,,0,,,0,,0,0
Build-More Construction Company,102072,18 Dixon Court,Candler,North Carolina,28715,Buncombe,United States,,Active,Active,,,,,,,,,,0,0,0,1,Unlimited,Building; Residential; Highway; Public Utilities,102702,0,,,,0,,,0,,,0,,0,0
Busco Contractors Inc,101731,1690 Massengill Pond Rd,Angier,North Carolina,27501,Johnston,United States,,Active,Inactive,,,,,,,,,,0,0,0,1,Unlimited,Public Utilities,101731,0,,,,0,,,0,,,0,,0,0
"Byers Enterprises, LLC",103635,2205 N Friendship Road,King,North Carolina,27021,Stokes,United States,,Active,Active,,,,,,,,,,0,0,0,1,Limited,Building; Residential; Highway; Public Utilities; Unclassified,103635,0,,,,0,,,0,,,0,,0,0
"C&W Grading & Excavating, Inc.",69918,661 Bayside Road,Elizabeth City,North Carolina,27909,Pasquotank,United States,https://www.cwgrading.biz,Active,Inactive,,,,,,,,,,0,0,0,1,Unlimited,Highway; Public Utilities,69918,0,,,,0,,,0,,,0,,0,0
C. H. Barlowe LLC,101842,1576 Zacks Fork Rd,Lenoir,North Carolina,28645,Caldwell,United States,,Active,Active,,,,,,,,,,0,0,0,1,Limited,Public Utilities,101842,0,,,,0,,,0,,,1,101842,0,0
C. M. Mitchell Construction Company Inc.,44521,PO Box 409,Sneads Ferry,North Carolina,28460,Onslow,United States,https://www.cmmitchellconstruction.com,Active,Active,,,,,,,,,,0,0,0,1,Unlimited,Highway; Public Utilities,44521,0,,,,0,,,0,,,0,,0,0
CADET Construction Company,73807,6300 Chapel Hill Road,Raleigh,North Carolina,27607,Wake,United States,,Active,Not Applicable,Not Certified,,2021-01-15,2025-01-15,,,,,,0,0,0,1,Unlimited,Building; Highway; Public Utilities; Unclassified,73807,0,,,,0,,,0,,,1,73807,0,0
"Calamar, Inc.",58145,79 S Farnleigh Dr,Chapel Hill,North Carolina,27517,Durham,United States,,Active,Inactive,Certified,Female,2024-05-14,2028-05-14,,,,,,0,0,0,1,Intermediate,Building; Public Utilities,58145,0,,,,0,,,0,,,0,,0,0
"CALLIS CONTRACTORS, INC.",59167,1306 Broad Street,Durham,North Carolina,27705-3533,Durham,United States,https://www.calliscontractorsinc.com,Active,Inactive,,,,,,,,,,0,0,0,1,,Building; Highway; Public Utilities,59167,1,,,,0,,,0,,,1,,0,0
Cantu's Concrete Construction LLC,103891,1132 WINDMILL RD,FAYETTEVILLE,North Carolina,28312,Cumberland,United States,https://cantuconcreteconstruction.com/,Active,Active,Certified,Hispanic,2025-05-29,2029-05-29,,,Certified,2025-03-13,2029-03-13,0,0,0,1,Limited,Building; Residential; Public Utilities; Unclassified,103891,0,,,,0,,,0,,,0,,0,0
Carl Grigg Electric & Supply Inc,80992,3423 Fallston Rd,Shelby,North Carolina,28150,Cleveland,United States,,Active,Inactive,,,,,,,,,,0,0,0,1,Unlimited,Public Utilities,80992,1,,Unlimited,16295-U,0,,,0,,,0,,0,0
"Carlson Environmental Consultants, PC",85737,305 S. Main Street,Monroe,North Carolina,28112,Union,United States,https://www.cecenv.com,Active,Active,,,,,,,,,,0,0,0,1,Limited,Public Utilities,85737,0,,,,0,,,0,,,1,1084207,0,1
Carolina Green Corp,41057,10108 Indian Trail-Fairview Rd.,Indian Trail,North Carolina,28079,Union,United States,https://www.cgcfields.com,Active,Active,Certified,Female,2024-11-12,2028-11-12,,,,,,0,0,0,1,Unlimited,Building; Highway; Public Utilities,41057,0,,,,0,,,0,,,1,41057,0,0
"Carolina Management Team, LLC",67579,49 McDowell Street,Asheville,North Carolina,28801,Buncombe,United States,https://www.cmtcoatings.com,Active,Active,Certified,Female,2023-06-09,2027-06-09,,,,,,0,0,0,1,Unlimited,Building; Public Utilities,67579; NC67579,0,,,,0,,,0,,,1,67579; NC67579,0,0
CAROLINA SAND INC,86845,150 SHADOWLINE DR,MORGANTON,North Carolina,28655,Burke,United States,https://www.carolinasandinc.com,Active,Active,,,,,,,,,,0,0,0,1,Intermediate,Highway; Public Utilities,86845,0,,,,0,,,0,,,0,,0,0
"Carolina Siteworks, Inc.",45224,PO Box 280,China Grove,North Carolina,28023,Rowan,United States,https://www.carolinasiteworksinc.com,Active,Active,,,,,,,,,,0,0,0,1,Unlimited,Building; Residential; Highway; Public Utilities; Unclassified,45224,0,,,,0,,,0,,,0,,0,0
"Carolinas Construction Group, LLC",85829,6828 Ridge Lane Rd,Charlotte,North Carolina,28262,Mecklenburg,United States,,Active,Inactive,,,,,,,,,,0,0,0,1,Limited,Building; Residential; Public Utilities,85829,0,,,,0,,,0,,,0,,0,0
Chad Sigmon Construction LLC,66076,,,,,,,https://chad sigmon construction llc,Pending,Not Applicable,,,,,,,,,,0,0,0,1,Limited,Building; Public Utilities,66076,0,,,,0,,,0,,,1,,0,0
"Chandler Construction Services, Inc.",27037,1511 Ninety Six Hwy,Ninety Six,South Carolina,29666,,United States,,Active,Not Applicable,,,,,,,,,,0,0,0,1,Unlimited,Highway; Public Utilities,27037,0,,,,0,,,0,,,0,,0,0
"Charles R. Underwood, Inc.",30021,2000 Boone Trail Rd,Sanford,North Carolina,27330,Lee,United States,https://www.crupumps.com,Active,Active,,,,,,,,,,0,0,0,1,Unlimited,Highway; Public Utilities,30021,0,,,,0,,,0,,,0,,0,0
Charles W Hughes Construction,74643,4675 Ben Dail Rd,La Grange,North Carolina,28551,Lenoir,United States,,Active,Inactive,,,,,,,,,,0,0,0,1,Unlimited,Building; Highway; Public Utilities,74643,1,,,,0,,,0,,,1,74643,0,0
Charlotte Backflow,101615,6370 Crayton Road,Mount Pleasant,North Carolina,28124,Cabarrus,United States,https://www.charlottebackflow.com,Active,Active,,,,,,,,,,0,0,0,1,Limited,Public Utilities,101615,0,,,,1,P-I,P17218,0,,,0,,0,0
Chavis' Inc.,59602,PO Box 568,Maxton,North Carolina,28364,Robeson,United States,,Active,Active,Not Certified,,2021-04-28,2025-04-28,,,Certified,2022-03-08,2026-03-08,0,0,0,1,Unlimited,Building; Highway; Public Utilities; Unclassified,59602,1,SP-LV,Unlimited,12949,1,P-I,30344,1,H-2; H-3-I,23003.0,1,868-CSA,0,0
"Cherokee Enterprises, Inc.",53607,PO Box 471,CHEROKEE,North Carolina,28719,Swain,United States,,Active,Active,,,,,,,,,,0,0,0,1,Unlimited,Highway; Public Utilities,53607,0,,,,0,,,0,,,0,,0,0
Chief Property Services,78471,11131 Blair,Mint Hill,North Carolina,28227,Mecklenburg,United States,,Active,Not Applicable,,,,,,,,,,0,0,0,1,Unlimited,Building; Residential; Highway; Public Utilities; Unclassified,81539,0,,,,0,,,0,,,0,,0,0
Civil Works Contracting,71885,3329-C  Wrightsville Ave,Wilmington,North Carolina,28403,New Hanover,United States,,Active,Not Applicable,,,,,,,,,,0,0,0,1,Unlimited,Building; Highway; Public Utilities,71885,1,,,,0,,,0,,,0,,0,0
"Cleary Construction, Inc.",80668,2006 Edmonton Rd,Tompkinsville,Kentucky,42167,,United States,,Active,Active,,,,,,,,,,0,0,0,1,Unlimited,Building; Highway; Public Utilities,80668,0,,,,0,,,0,,,0,,0,0
CMC Building Inc.,52920,PO Box 100,Bolton,North Carolina,28423,Columbus,United States,https://www.cmcbuildinginc.com,Active,Active,Certified,American Indian,2023-04-21,2027-04-21,,,,,,0,0,0,1,Unlimited,Building; Public Utilities,52920,0,,,,0,,,0,,,1,52920,0,0
"CNIC, Inc.",56936,2200 Crown Centre Drive,Charlotte,North Carolina,28227,Mecklenburg,United States,https://www.cnic-inc.com,Active,Active,Certified,Female,2024-07-09,2028-07-09,,,Certified,2024-07-10,2028-07-10,0,0,0,1,Limited,Public Utilities,56936,1,SP-LV,Limited,25203-SP-FA/LV,0,,,0,,,1,25203-SP-FA/LV,0,0
Coastal Asphalt LLC,72269,2142 Winburn Street,Conway,South Carolina,29527,,United States,https://coastalasplalt.com,Active,Active,,,,,,,,,,0,0,0,1,Unlimited,Residential; Highway; Public Utilities,72269,0,,,,0,,,0,,,0,,0,0
Coastal Transmission Inc.,88582,1536 Castle Hayne Rd.,Wilmington,North Carolina,28401,New Hanover,United States,,Active,Not Applicable,Certified,Female,2023-04-06,2027-04-06,,,,,,0,0,0,1,Unlimited,Public Utilities,88582,0,,,,0,,,0,,,0,,0,0
"Cole Land & Timber, LLC",73109,658 FLOYD CHURCH ROAD,LEXINGTON,North Carolina,27292,Davidson,United States,,Active,Active,,,,,,,,,,0,0,0,1,Limited,Highway; Public Utilities,73109,0,,,,0,,,0,,,0,,0,0
Concrete Solutions by Jimmy Hickman and Son LLC,81593,PO Box 65 Doral Dr ,Tobaccoville ,North Carolina,27050,Forsyth,United States,https://www.concretesolutionsjhs.com,Active,Active,Certified,Black,2024-12-30,2028-12-30,,,Not Certified,2020-12-01,2024-12-01,0,0,0,1,Limited,Building; Residential; Highway; Public Utilities,81593,0,,,,0,,,0,,,1,81593,0,0
CONTINENTAL FLOORING COMPANY,36945,9319 N 94th Way Ste 1000,SCOTTSDALE,Arizona,85258,,United States,https://www.continentalflooring.com,Active,Active,,,,,,,,,,0,0,0,1,,Building; Public Utilities,,0,,,,0,,,0,,,1,,0,0
Cooper Tacia General Contracting Company,65299,333 Fayetteville Street,Raleigh,North Carolina,27601,Wake,United States,https://coopertacia.com/,Active,Inactive,,,,,,,,,,0,0,0,1,,Building; Residential; Highway; Public Utilities; Unclassified,65299,0,,,,0,,,0,,,0,,0,0
Country Construction Corporation,76692,111 S. Elm Street,Benson,North Carolina,27504,Johnston,United States,,Active,Active,Certified,Disabled,2023-02-17,2027-02-17,,,,,,0,0,0,1,Limited,Public Utilities,17853,1,,,,0,,,0,,,0,,0,0
"Creative Design and Construction,Inc.",29372,PO Box 306,Tobaccoville,North Carolina,27050,Stokes,United States,,Active,Not Applicable,Certified,Female,2024-03-13,2028-03-13,,,,,,0,0,0,1,Unlimited,Building; Residential; Highway; Public Utilities,29372,0,,,,0,,,0,,,1,,0,0
Crossroads Site Development LLC,99738,10216 Wilkins Road,Bahama,North Carolina,27503,Durham,United States,,Active,Active,Certified,Female,2024-09-19,2028-09-19,,,,,,0,0,0,1,Unlimited,Highway; Public Utilities,99738,0,,,,0,,,0,,,0,,1,0
CTR Utility Rehab LLC,82118,5715 BALL CAMP PIKE,Knoxville,Tennessee,37921,,United States,,Active,Not Applicable,Not Certified,,,,,,,,,0,0,0,1,Limited,Public Utilities,82118,0,,,,0,,,0,,,0,,0,0
"Currituck Homes, Inc.",53227,101 Oak Street,MOYOCK,North Carolina,27958,Currituck,United States,https://www.currituckhomes.com,Active,Inactive,,,,,,,,,,0,0,0,1,Unlimited,Building; Residential; Highway; Public Utilities; Unclassified,53227,0,,,,0,,,0,,,1,,1,0
Custom Demo & Dismantling LLC,88436,655 Becker Ave,Fort Mill,South Carolina,29715,,United States,https://www.customdemodismantling.com/,Active,Active,,,,,,,,,,0,0,0,1,Unlimited,Building; Residential; Highway; Public Utilities; Unclassified,88436,0,,,,0,,,0,,,0,,0,0
"d & t utilities, inc.",65621,PO Box 608,LIBERTY,North Carolina,27298,Randolph,United States,,Active,Active,Certified,Female,2022-09-21,2026-09-21,,,,,,0,0,0,1,Unlimited,Public Utilities,65621,0,,,,0,,,0,,,1,65621,0,0
D.H. Griffin Infrastructure,56415,"4716 Hilltop Road, PO Box 7405",Greensboro,North Carolina,27407,Guilford,United States,https://www.dhgriffin.com,Active,Active,,,,,,,,,,0,0,0,1,,Building; Highway; Public Utilities; Unclassified,56415,0,,,,0,,,0,,,1,,0,1
"Dalton Contracting, LLC",74632,403 Aspen Place,Winston Salem,North Carolina,27106,Forsyth,United States,,Active,Active,,,,,,,,,,0,0,0,1,Limited,Building; Residential; Highway; Public Utilities; Unclassified,74632,0,,,,0,,,0,,,0,,0,0
Davis Construction & Development LLC,107287,2112 Copper Top Ct,Charlotte,North Carolina,28214,Mecklenburg,United States,https://www.davisconstructionnc.com,Active,Active,,,,,,,,,,0,0,0,1,Limited,Building; Residential; Public Utilities,107287,0,,,,0,,,0,,,0,,0,0
DeShields Utilities LLC,101594,,,,,,,,Pending,Not Applicable,,,,,,,,,,0,0,0,1,,Public Utilities,101594,0,,,,0,,,0,,,0,,0,0
"Dickerson Infrastructure, Inc.",79335,PO Box 910,Fort Pierce,Florida,34954-0910,,United States,https://www.dickersoninfrastructure.com,Active,Active,,,,,,,,,,0,0,0,1,Unlimited,Highway; Public Utilities,79335,0,,,,0,,,0,,,0,,0,0
Dirt Ops,85377,133 Sportsman Dr,Statesville,North Carolina,28625,Iredell,United States,https://www.dirt-ops.com,Active,Active,Certified,Female,2025-04-25,2029-04-25,,,Not Certified,2021-04-07,2025-04-07,0,0,0,1,Unlimited,Building; Public Utilities; Unclassified,,0,,,,0,,,0,,,0,,0,0
"Dixon Paving, Inc.",75528,4801 Glenwood Ave.,Raleigh,North Carolina,27612,Wake,United States,,Active,Not Applicable,,,,,,,,,,0,0,0,1,Limited,Building; Highway; Public Utilities,75528,0,,,,0,,,0,,,0,,0,0
Dockery Contracting and Inspections LLC,88408,15533 Joe Brown Hwy,Murphy,North Carolina,28906,Cherokee,United States,,Active,Inactive,,,,,,,,,,0,0,0,1,Limited,Building; Residential; Highway; Public Utilities; Unclassified,88408,1,,Limited,36816,0,,,0,,,0,,0,0
Drish Utilities LLC,105586,5401 Efird Road,Wilmington,North Carolina,28409,New Hanover,United States,,Active,Active,,,,,,,,,,0,0,0,1,Limited,Public Utilities,105586,0,,,,0,,,0,,,0,,0,0
DS Utility and Repair,88226,781 TART TOWN ROAD,DUNN,North Carolina,28334,Johnston,United States,https://www.dsutilityandrepair.com,Active,Not Applicable,,,,,,,,,,0,0,0,1,Limited,Public Utilities,88226,0,,,,0,,,0,,,0,,0,0
Dunlap Construction & Utilities LLC,77024,3800staleysnowcamproad,staley,North Carolina,27355,Chatham,United States,,Active,Inactive,,,,,,,,,,0,0,0,1,Unlimited,Building; Residential; Public Utilities,77024,0,,,,0,,,0,,,0,,0,0
"East Coast Contracting, Inc.",53756,"3224-C N. College Rd, PMB 209",Wilmington,North Carolina,28405,New Hanover,United States,https://www.eastcoastcontractinginc.com,Active,Inactive,Certified,Female,2023-08-01,2027-08-01,,,Not Certified,2019-08-05,2023-08-05,0,0,0,1,Unlimited,Building; Residential; Highway; Public Utilities; Unclassified,53756,0,,,,0,,,0,,,0,,0,0
East Point Contracting LLC,104075,"912 Bull Hill Rd., #F",Windsor,North Carolina,27983,Bertie,United States,https://eastpointcontracting.com/,Active,Active,,,,,,,,,,0,0,0,1,Unlimited,Public Utilities,104075,0,,,,0,,,0,,,0,,0,0
"Eastern Carolina Construction, Inc.",57634,154 US Highway 158 E,Camden,North Carolina,27921,Camden,United States,https://easterncarolinaconstruction.com,Active,Active,Certified,Female,2023-12-08,2027-12-08,,,Not Certified,2019-12-13,2023-12-13,0,0,0,1,Unlimited,Highway; Public Utilities; Unclassified,57634,0,,,,0,,,0,,,1,57634,0,0
"Ed Braswell & Sons, Inc.",25993,632 Quarry Lane,Rocky Mount,North Carolina,27803,Nash,United States,,Active,Active,,,,,,,,,,0,0,0,1,Unlimited,Public Utilities,25993,0,,,,0,,,0,,,0,,0,0
Efficient Developments LLC,84611,,,,,,,https://www.efficientdev.com,Pending,Not Applicable,,,,,,,,,,0,0,0,1,Unlimited,Highway; Public Utilities; Unclassified,84611,0,,,,0,,,0,,,0,,0,0
"ElectriCom, LLC",65967,,,,,,,,Pending,Not Applicable,,,,,,,,,,0,0,0,1,Unlimited,Public Utilities,65967,0,,,,0,,,0,,,0,,0,0
Elite Excavation & Grading,103652,210 Kings Chase,Newport,North Carolina,28570,Carteret,United States,,Active,Not Applicable,,,,,,,,,,0,0,0,1,Limited,Highway; Public Utilities,103652,0,,,,0,,,0,,,0,103652,0,0
"Ellixson & Sons, Inc.",51181,1008 Captain Adkins Dr.,Southport,North Carolina,28461,Brunswick,United States,,Active,Not Applicable,,,,,,,,,,0,0,0,1,,Highway; Public Utilities,51181,0,,,,0,,,0,,,0,,0,0
Enviro-Tech Unlimited Construction Services LLC,63868,PO Box 69,Harbinger,North Carolina,27941,Currituck,United States,https://www.envirotechnc.com,Active,Active,,,,,,,,,,0,0,0,1,Unlimited,Public Utilities,63868,0,,,,0,,,0,,,0,,0,0
"ES&J Enterprises, Inc.",28994,1555 Holland Road,Autryville,North Carolina,28318,Sampson,United States,,Active,Active,Certified,Female,2022-05-18,2026-05-18,,,,,,0,0,0,1,,Highway; Public Utilities,28994,0,,,,0,,,0,,,0,,0,0
Ethos Environmental Partners LLC,106325,4030 Wake Forest Rd,Raleigh,North Carolina,27609,Wake,United States,https://ethosep.com,Active,Active,,,,,,,,,,0,0,0,1,Limited,Public Utilities,106325,0,,,,0,,,0,,,0,,0,1
"Farrior & Sons, Inc.",3934,9571 West Marlboro Rd,Farmville,North Carolina,27828,Pitt,United States,https://farriorandsons.com,Active,Active,,,,,,,,,,0,0,0,1,Unlimited,Building; Public Utilities,3934,0,,,,0,,,0,,,0,,0,0
Full Source Construction & Consulting Inc.,85762,9000 Calthorpe Ln.,Waxhaw,North Carolina,28173,Union,United States,,Active,Not Applicable,,,,,,,,,,0,0,0,1,Intermediate,Building; Public Utilities,85762,0,,,,0,,,0,,,0,,0,0
Gaddis Bros. Inc.,80667,4460 Raceway Dr SW,Concord,North Carolina,28027,Cabarrus,United States,https://www.gaddisbros.com/,Active,Inactive,,,,,,,,,,0,0,0,1,Unlimited,Building; Residential; Highway; Public Utilities; Unclassified,80667,0,,,,0,,,0,,,1,,0,0
Garner-Murphy Construction Inc.,12519,130 Chuck Garner Trail,Graham,North Carolina,27253,Alamance,United States,,Active,Not Applicable,Certified,Female,2024-04-30,2028-04-30,,,,,,0,0,0,1,,Highway; Public Utilities,52519,0,,,,0,,,0,,,0,,0,0
"Garrett Construction Services, Inc.",74490,9821 E WT Harris Blvd,Charlotte,North Carolina,28227,Mecklenburg,United States,,Active,Inactive,,,,,,,,,,0,0,0,1,Unlimited,Building; Public Utilities; Unclassified,74490,0,,,,1,P-I,16024,1,H-1-I; H-2; H-3-I,16024.0,0,,0,0
garris grading & paving Inc,63017,5950 Gay Road,Farmville,North Carolina,27828,Pitt,United States,https://www.garrispaving.com,Active,Active,Certified,Female,2025-10-16,2029-10-16,,,Certified,2022-03-03,2026-03-03,0,0,0,1,Unlimited,Highway; Public Utilities,63017,0,,,,0,,,0,,,1,63017,0,0
"Gavel Construction Services, Inc.",44980,PO Box 1791,Denver,North Carolina,28037,Lincoln,United States,,Active,Not Applicable,,,,,,,,,,0,0,0,1,Limited,Building; Public Utilities,44980,1,,,,0,,,0,,,1,44980,0,0
GE Construction,1707,Seattle Dr,Greensboro,North Carolina,27402,Guilford,United States,https://www.geconstructioncorp.com,Active,Not Applicable,Certified,Black,2022-08-15,2026-08-15,,,,,,0,0,0,1,,Building; Residential; Highway; Public Utilities; Unclassified,69745,1,SP-EL,Unlimited,24691,1,P-II,31640,1,H-1-I; H-2; H-3-I,31640.0,1,69745,0,1
"Gen3 Energy Services, LLC",76693,PO Box 16086,Greensboro,North Carolina,27416,Guilford,United States,,Active,Not Applicable,Not Certified,,2020-08-17,2024-08-17,,,,,,0,0,0,1,Unlimited,Building; Residential; Public Utilities,76693,0,,,,0,,,0,,,0,,0,0
Gitto Enterprises INC,81942,7320 Bassett Hall Court,Raleigh,North Carolina,27616,Wake,United States,https://gittobuilds.com,Active,Active,,,,,,,,,,0,0,0,1,Unlimited,Building; Public Utilities,81942,0,,,,0,,,0,,,0,,0,0
GLH Divine Consultants LLC,103795,5048 Crackling Woods Lane,Randleman,North Carolina,27317,Randolph,United States,,Active,Active,Certified,Female,2024-09-20,2028-09-20,,,Certified,2024-11-20,2028-11-20,0,0,0,1,Limited,Public Utilities,103795,0,,,,0,,,0,,,0,,0,0
"Goliath Construction, LLC",70521,1021 Blue Leaf Pl,Jacksonville,North Carolina,28546,Onslow,United States,,Active,Active,Certified,Black,2023-01-26,2027-01-26,,,Certified,2023-08-23,2027-08-23,0,0,0,1,Limited,Building; Residential; Public Utilities,70521,0,SP-LV,Limited,,0,,,0,,,1,70521,0,0
Grace Realty Group,106016,,,,,,,,Pending,Not Applicable,,,,,,,,,,0,0,0,0,,Building; Residential; Highway; Public Utilities,,1,SP-EL; SP-PH; SP-WP; SP-ES; SP-SFD; SP-LV; SP-SP,,,1,P-I; P-II; FS; FP,,1,H-1-I; H-1-II; H-2; H-3-I; H-3-II; H-II,,1,,0,0
"Graham Roten Enterprises, LLC",85284,518 Blairmont Dr,Boone,North Carolina,28607,Watauga,United States,,Active,Active,,,,,,,,,,0,0,0,1,Limited,Building; Highway; Public Utilities; Unclassified,85284,0,,,,0,,,0,,,0,,0,0
Grahams Construction Inc.,52096,27278 Andrew Jackson Hwy E,Delco,North Carolina,28436-9197,Columbus,United States,,Active,Active,Certified,American Indian,2022-11-30,2026-11-30,,,,,,0,0,0,1,Unlimited,Building; Highway; Public Utilities,52096,0,,,,0,,,0,,,1,52096,0,0
Growth Management Services Inc,81073,4441 Six Forks Road Suite 106,Raleigh,North Carolina,27609,Wake,United States,https://www.hiregms.com,Active,Active,Certified,Black,2025-03-26,2029-03-26,,,Not Certified,2021-01-05,2025-01-05,0,0,0,1,Limited,Building; Residential; Public Utilities; Unclassified,81071,0,,,,0,,,0,,,1,81071,1,1
GTB Construction LLC,79825,15122 Montage LN,Charlotte,North Carolina,28278,Mecklenburg,United States,,Active,Active,,,,,,,,,,0,0,0,1,Limited,Building; Residential; Highway; Public Utilities; Unclassified,79825,0,,,,0,,,0,,,1,,1,1
Gulf Equipment Corporation,73360,1637 Piedmont Hwy.,Piedmont,South Carolina,29673,,United States,https://gulfservices.us/,Active,Active,,,,,,,,,,0,0,0,1,Unlimited,Building; Public Utilities,73360,1,,Intermediate,I.23151,0,,,0,,,0,,0,1
Harper General Contractors,3146,301 College St,Asheville,North Carolina,28801,Buncombe,United States,https://www.harpergc.com/,Active,Inactive,,,,,,,,,,0,0,0,1,Unlimited,Building; Public Utilities; Unclassified,3146,0,,,,0,,,0,,,0,,0,0
Hayes Inc,42892,216 A Faison Ave,Fayetteville,North Carolina,28304,Cumberland,United States,,Active,Active,,,,,,,,,,0,0,0,1,Unlimited,Building; Residential; Highway; Public Utilities; Unclassified,42892 UL,0,,,,0,,,0,,,0,,0,0
HEI Civil Carolinas LLC,82082,9815 David Taylor Dr,Charlotte,North Carolina,28262,Mecklenburg,United States,https://www.heicivil.com/,Active,Active,,,,,,,,,,0,0,0,1,Unlimited,Highway; Public Utilities,82082,0,,,,0,,,0,,,0,,0,0
Hightower Communications Inc.,73078,105 W. Caswell Street,Kinston,North Carolina,28501,Lenoir,United States,https://hightowernc.com,Active,Active,,,,,,,,,,0,0,0,1,Limited,Building; Public Utilities,73078,1,,Limited,21345,0,,,0,,,0,,0,0
Hilton Inc,47647,5979 Appaloosa Way,Granite Falls,North Carolina,28630,Caldwell,United States,https://www.hilton-inc.com,Active,Active,,,,,,,,,,0,0,0,1,Unlimited,Building; Highway; Public Utilities,47647,0,,,,0,,,0,,,0,,0,0
"Hine Sitework, Inc.",52225,PO Box 1275,Goldsboro,North Carolina,27533,Wayne,United States,https://www.hinesitework.com,Active,Inactive,Certified,Female,2023-03-10,2027-03-10,,,,,,0,0,0,1,Unlimited,Building; Highway; Public Utilities,52225,0,,,,0,,,0,,,0,,0,0
Hinterland Group Inc,104386,2051 W Blue Heron Blvd,Riviera Beach,Florida,33404,,United States,https://hinterlandgroup.com,Active,Active,,,,,,,,,,0,0,0,1,Unlimited,Public Utilities,104386,0,,,,0,,,0,,,0,,0,0
"Hollins Construction Services, Inc",69738,3650 Rogers Road Suite 320,Wake Forest,North Carolina,27587,Wake,United States,,Active,Active,Certified,Black,2023-03-17,2027-03-17,,,,,,0,0,0,1,Unlimited,Building; Public Utilities,69738,1,,,,0,,,0,,,1,69738,0,1
"Hoopaugh Grading Company, LLC.",81873,10345 Nations Ford Road,Charlotte,North Carolina,28273,Mecklenburg,United States,,Active,Active,,,,,,,,,,0,0,0,1,Unlimited,Highway; Public Utilities,81873,0,,,,0,,,0,,,0,,0,0
Hurley's Earthworx,101394,PO Box 695,Mt. Gilead,North Carolina,27306,Montgomery,United States,https://www.hurleysearthworx.com,Active,Active,,,,,,,,,,0,0,0,1,Unlimited,Building; Highway; Public Utilities,101394,0,,,,0,,,0,,,1,101394,0,0
Huss Boring LLC,84465,803 North Washington Street,Shelby,North Carolina,28150,Cleveland,United States,,Active,Active,,,,,,,,,,0,0,0,1,Limited,Public Utilities,84465,0,,,,0,,,0,,,0,,0,0
"IDIAS Contracting, LLC",79628,1 Glenwood Ave.,Raleigh,North Carolina,27603,Wake,United States,https://idiascontracting.com,Active,Not Applicable,Not Certified,,2020-08-17,2024-08-17,,,,,,0,0,0,1,,Building; Highway; Public Utilities; Unclassified,64643,0,,,,0,,,0,,,1,,0,1
"Ike's Construction, Inc.",8037,303 Executive Park Dr.,Concord,North Carolina,28025,Cabarrus,United States,https://www.ikesconstruction.com,Active,Active,,,,,,,,,,0,0,0,1,Unlimited,Building; Residential; Highway; Public Utilities; Unclassified,8037,0,,,,0,,,0,,,1,,0,0
Inliner Solutions,51977,4520 North State Road 37,Orleans,Indiana,47452,,United States,,Active,Not Applicable,,,,,,,,,,0,0,0,1,Unlimited,Public Utilities,51977,0,,,,0,,,0,,,0,,0,0
Intrepid Build,82689,35 Thompson Street,Pittsboro,North Carolina,27312,Chatham,United States,https://www.intrepid-build.com/,Active,Active,Certified,Female,2023-06-23,2027-06-23,,,,,,0,0,0,1,Unlimited,Building; Residential; Public Utilities; Unclassified,82689,0,,,,0,,,0,,,1,82689,1,1
iron mountain construction,26784,po box 24,mountain city,Tennessee,37683,,United States,,Active,Active,,,,,,,,,,0,0,0,1,Unlimited,Public Utilities,26784,0,,,,0,,,0,,,0,,0,0
J & K General Contractor,78272,645 Laurinburg Road,Raeford,North Carolina,28376,Hoke,United States,,Active,Inactive,,,,,,,,,,0,0,0,1,Unlimited,Building; Residential; Public Utilities,78272,0,,,,0,,,0,,,0,,0,1
"J. Kokolakis Contracting, Inc.",99611,202 E. Center Street,Tarpon Springs,Florida,34689,,United States,https://www.jkokolakis.com,Active,Active,,,,,,,,,,0,0,0,1,,Building; Residential; Highway; Public Utilities; Unclassified,99611,0,,,,0,,,0,,,0,,1,1
James E. Harris Construction,6794,PO Box 693,Huntersville,North Carolina,28070,Mecklenburg,United States,https://jameseharrisconstruction.com,Active,Inactive,,,,,,,,,,0,0,0,1,Unlimited,Building; Highway; Public Utilities; Unclassified,6794,0,,,,0,,,0,,,1,6794,0,0
JC Property Professionals LLC,85259,1767 East Court Street,Marion,North Carolina,28752,McDowell,United States,https://www.jcpropertyprofessionals.com,Active,Not Applicable,,,,,,,,,,0,0,0,1,Limited,Building; Residential; Highway; Public Utilities; Unclassified,85259,0,,,,0,,,0,,,1,85259,0,0
JDS Inc.,7780,272 Hurricane Shoals Rd. NE,Lawrenceville,Georgia,30046,,United States,https://www.jdspipe.com,Active,Inactive,,,,,,,,,,0,0,0,1,Unlimited,Public Utilities,7780,0,,,,0,,,0,,,0,,0,0
JGR Development Group,85293,1030 Homeland Ave.,Greensboro,North Carolina,27405,Guilford,United States,https://www.developjgr.com,Active,Active,Certified,Black,2023-10-16,2027-10-16,,,,,,0,0,0,1,Unlimited,Building; Public Utilities,85293,0,,,,0,,,0,,,0,,0,1
"JLS Machine, Inc.",76058,4360 Caldwell Rd,Newton,North Carolina,28658,Catawba,United States,https://www.jlsmachine.com,Active,Not Applicable,Certified,Female,2024-11-12,2028-11-12,,,Not Certified,2020-10-21,2024-10-21,0,0,0,1,Limited,Building; Public Utilities,76058,0,,,,0,,,0,,,1,76058,0,0
John E Jenkins Inc,3783,1451 Delta Drive,Gastonia,North Carolina,28052,Gaston,United States,https://jejenkins.com/,Active,Active,,,,,,,,,,0,0,0,1,Unlimited,Building; Residential; Highway; Public Utilities; Unclassified,3783,0,,,,0,,,0,,,0,,0,0
JOHN M. CAMPBELL COMPANY,5514,102 Winchester Ave.,Monroe,North Carolina,28111-0687,Union,United States,https://www.johnmcampbellcompany.com,Active,Inactive,,,,,,,,,,0,0,0,1,Unlimited,Building; Highway; Public Utilities,5514,0,,,,0,,,0,,,0,,0,0
"Johnson Brothers Utility & Paving Company, INC.",4534,1924 NORTH MAIN STREET,LILLINGTON,North Carolina,27546,Harnett,United States,,Active,Active,,,,,,,,,,0,0,0,1,Unlimited,Highway; Public Utilities,4534,0,,,,0,,,0,,,0,,0,0
Johnsons Contracting,76192,2384 Riceville Rd,Asheville,North Carolina,28805,Buncombe,United States,,Active,Active,,,,,,,,,,0,0,0,1,Limited,Building; Residential; Public Utilities,76192,0,,,,0,,,0,,,0,,0,0
"Jones Grading & Fencing, Inc.",17987,1726 Toal St,Charlotte,North Carolina,28206,Mecklenburg,United States,,Active,Not Applicable,Certified,Black,2024-03-01,2028-03-01,,,,,,0,0,0,1,Unlimited,Building; Residential; Highway; Public Utilities; Unclassified,17987,1,,,,0,,,0,,,1,17987,0,0
"JSmith Civil, LLC",77634,3733 N US Hwy 117,Goldsboro,North Carolina,27530,Wayne,United States,https://www.jscivil.com/,Active,Inactive,,,,,,,,,,0,0,0,1,Unlimited,Building; Public Utilities,77634,0,,,,0,,,0,,,0,,0,0
"K-Co Enterprises, Inc.",66585,613 Hurricane Creek Rd,Piedmont,South Carolina,29673,,United States,https://www.kcoenterprises.com,Active,Active,,,,,,,,,,0,0,0,1,Limited,Building; Public Utilities,PU 66585,0,,,,0,,,0,,,0,,0,0
Kemp Construction Inc.,34033,2217 Lynmore Drive,Sherrills Ford,North Carolina,28673,Catawba,United States,https://www.kempinc.com,Active,Active,,,,,,,,,,0,0,0,1,Unlimited,Public Utilities,34033,0,,,,0,,,0,,,0,,0,0
"KRG Utility, Inc.",30735,PO Box 1788,Kernersville,North Carolina,27285,Forsyth,United States,https://www.krgutility.com,Active,Active,,,,,,,,,,0,0,0,1,Unlimited,Public Utilities,30735,0,,,,0,,,0,,,1,30735,0,0
"L. T. Hedrick Construction Company, Inc.",72869,5930 East Old US Hwy 64,Lexington,North Carolina,27292,Davidson,United States,,Active,Not Applicable,Certified,Female,2022-08-11,2026-08-11,,,,,,0,0,0,1,Unlimited,Building; Public Utilities,72869,0,,,,0,,,0,,,0,,0,0
"Lakeside Builders I, LLC.",76156,10612-D Providence Rd. #498,Charlotte,North Carolina,28277,Mecklenburg,United States,https://www.lakesidedevelopmentproperties.com/,Pending,Not Applicable,,,,,,,,,,0,0,0,1,Limited,Building; Residential; Highway; Public Utilities,NCLBGC 76156,0,,,,0,,,0,,,0,,0,0
"Lakeside Utilities, Inc",75645,770 Webb Mill Road,Four Oaks,North Carolina,27524,Johnston,United States,,Active,Not Applicable,Not Certified,,2020-04-08,2024-04-08,,,,,,0,0,0,1,Limited,Highway; Public Utilities,75645,1,,,,0,,,0,,,1,,0,0
Lane Construction Corporation,6205,8205 Wilkinson Blvd,Charlotte,North Carolina,28214,Mecklenburg,United States,https://laneconstruct.com,Active,Inactive,,,,,,,,,,0,0,0,1,Unlimited,Highway; Public Utilities,6205,0,,,,0,,,0,,,0,,0,0
"Laser Construction Sitework & Utility Company, Inc",83731,404 ST Andrews St,Greenville,North Carolina,27834,Pitt,United States,,Active,Not Applicable,Certified,Black,2025-10-13,2029-10-13,,,,,,0,0,0,1,Limited,Highway; Public Utilities,83731,0,,,,0,,,0,,,0,,0,0
LCI Lineberger Construction,44717,1490 Kershaw Camden Hwy,Lancaster,South Carolina,29720,,United States,https://www.lci-lineberger.com,Active,Inactive,Certified,Female,2022-03-30,2026-03-30,,,,,,0,0,0,1,,Building; Highway; Public Utilities,44717,0,,,,0,,,0,,,0,,0,0
"Leak and Associates, Inc.",33219,PO Box 3039,Monroe,North Carolina,28111,Union,United States,,Active,Not Applicable,,,,,,,,,,0,0,0,1,Unlimited,Building; Highway; Public Utilities,33219,1,,,,0,,,0,,,0,,0,0
LeMik General Contractor,100229,516D River Highway,Mooresville,North Carolina,28117,Iredell,United States,,Active,Inactive,,,,,,,,,,0,0,0,1,,Building; Residential; Public Utilities; Unclassified,100229,0,,,,0,,,0,,,0,,1,1
"Lloyd Grading and Utilities, Inc.",63196,4421 Manns Chapel Rd,Chapel Hill,North Carolina,27516,Chatham,United States,https://www.lloydgu.com,Active,Not Applicable,Certified,Female,2023-05-12,2027-05-12,,,,,,0,0,0,1,Limited,Public Utilities,63196,0,,,,0,,,0,,,0,,0,0
Locke-Lane Construction Inc.,66575,5063 Taylorsville Hwy,Stony Point,North Carolina,28678,Iredell,United States,https://www.lockelaneconstruction.com,Active,Active,Certified,Disabled,2024-04-12,2028-04-12,,,,,,0,0,0,1,Unlimited,Building; Public Utilities,66575,0,,,,0,,,0,,,0,,0,0
"Lomax Construction, Inc.",37571,PO Box 35169,Greensboro,North Carolina,27425,Guilford,United States,,Active,Active,,,,,,,,,,0,0,0,1,Unlimited,Building; Public Utilities,37571,0,,,,0,,,0,,,0,,0,0
Lorman Inc,57040,3475 Jonesboro Rd,Dunn,North Carolina,28334,Harnett,United States,,Active,Active,,,,,,,,,,0,0,0,1,Unlimited,Highway; Public Utilities,,0,,,,0,,,0,,,1,,0,0
"M & M Construction of Banner Elk, Inc.",68167,PO Box 695,Banner Elk,North Carolina,28604,Avery,United States,https://www.eggersconstructionco.com,Active,Inactive,,,,,,,,,,0,0,0,1,Unlimited,Building; Highway; Public Utilities,68167,0,,,,0,,,0,,,1,68167,0,0
"M & V Builders, LLC",74672,363 N Church Street,Concord,North Carolina,28025,Cabarrus,United States,,Active,Inactive,Not Certified,,2019-08-05,2023-08-05,,,,,,0,0,0,1,Limited,Building; Residential; Highway; Public Utilities,74672,0,,,,0,,,0,,,1,,0,0
M.R.B Enterprises Inc,82674,410 water oak lane,China Grove,North Carolina,28023,Rowan,United States,,Active,Not Applicable,,,,,,,,,,0,0,0,1,Limited,Building; Residential; Highway; Public Utilities; Unclassified,82674,0,,,,0,,,0,,,1,82674,0,0
"MAGETTE WELL & PUMP CO., INC.",30271,2342 US HWY 13 South,AHOSKIE,North Carolina,27910,Hertford,United States,,Active,Active,,,,,,,,,,0,0,0,1,Intermediate,Public Utilities,30271,0,,,,0,,,0,,,0,,0,0
"Maymead, Inc.",12686,PO Box 911,Mountain City,Tennessee,37683,,United States,https://maymead.com,Active,Active,,,,,,,,,,0,0,0,1,Unlimited,Highway; Public Utilities,12686,0,,,,0,,,0,,,0,,0,0
"McClure's Communications, Inc",68006,1404 Rowland Hill Road,Marble,North Carolina,28905,Cherokee,United States,,Active,Active,,,,,,,,,,0,0,0,1,Unlimited,Public Utilities,68006,0,,,,0,,,0,,,0,,0,0
McFarland Construction,40116,9935-D Rea Rd. #215,Charlotte,North Carolina,28277,Mecklenburg,United States,https://www.mcfarlandconstructionus.com,Active,Inactive,Certified,Black,2022-06-21,2026-06-21,,,,,,0,0,0,1,Unlimited,Building; Public Utilities,69593,0,,,,0,,,0,,,0,,0,0
McKinney Construction Management LLC,99655,251 ponderosa drive,Spruce pine,North Carolina,28777,Mitchell,United States,,Active,Not Applicable,,,,,,,,,,0,0,0,1,Limited,Building; Public Utilities; Unclassified,,0,,,,0,,,0,,,0,,0,0
Mechanical Jobbers Marketing Inc,57889,PO Box 1199,Lithonia,Georgia,30058,,United States,https://www.mechanicaljobbers.com,Active,Not Applicable,Certified,Hispanic,2025-03-21,2029-03-21,,,,,,0,0,0,1,Unlimited,Building; Public Utilities; Unclassified,57889,0,,,,0,,,0,,,0,57889,0,1
"Metcon, Inc",17935,763 Comtech Drive,Pembroke,North Carolina,28372,Robeson,United States,https://www.metconus.com,Active,Active,Certified,American Indian,2022-03-22,2026-03-22,,,,,,0,0,0,1,Unlimited,Building; Public Utilities; Unclassified,48609,0,,,,0,,,0,,,0,,1,0
Metra Industries,61791,,,,,,,,Pending,Not Applicable,,,,,,,,,,0,0,0,1,Unlimited,Public Utilities,61791,0,,,,0,,,0,,,0,,0,0
Midland Communications Inc.,53501,PO Box 1178,Calhoun,Georgia,30703,,United States,https://www.midlandcommunications.net,Active,Active,,,,,,,,,,0,0,0,1,Limited,Building; Public Utilities,53501,0,,,,0,,,0,,,0,,0,0
"Mid-South Irrigation & Landscape Construction, Inc.",56989,180 Salem Creek Dr,Winston Salem,North Carolina,27103,Forsyth,United States,https://www.midsouthirrigation.com,Active,Inactive,Certified,Female,2024-04-24,2028-04-24,,,,,,0,0,0,1,Unlimited,Building; Public Utilities,56989,0,,,,0,,,0,,,1,56989,0,0
ML Builders LLC,78434,1914 N. Pease Place,Charlotte,North Carolina,28262,Mecklenburg,United States,,Active,Not Applicable,Not Certified,,2020-04-08,2024-04-08,,,Not Certified,2020-04-08,2024-04-08,0,0,0,1,Intermediate,Building; Residential; Public Utilities,,1,,,,0,,,0,,,0,,0,0
"Mohammad Construction, LLC",87476,PO Box 33666,Raleigh,North Carolina,27636,Wake,United States,https://www.mohammadconstruction.com/,Active,Inactive,Certified,Black,2022-06-14,2026-06-14,,,,,,0,0,0,1,,Building; Residential; Highway; Public Utilities; Unclassified,87476,0,,,,0,,,0,,,0,,0,0
Monster Demolition,84993,810 Center St,Apex,North Carolina,27502,Wake,United States,https://monsterdemolitioncrew.com/,Active,Not Applicable,,,,,,,,,,0,0,0,1,Limited,Building; Public Utilities,84993,0,,,,0,,,0,,,0,,0,0
"Moore & Seagle Construction, Inc.",71272,1712 S NC 16 Business Hwy,Stanley,North Carolina,28164,Lincoln,United States,https://www.mooreseagle.com,Active,Active,,,,,,,,,,0,0,0,1,Limited,Residential; Highway; Public Utilities,71272,0,,,,0,,,0,,,0,,0,0
"M-W ELECTRIC, INC.",56236,PO Box 67,Red Springs,North Carolina,28377,Robeson,United States,https://mwec.biz,Active,Active,Certified,American Indian,2022-03-04,2026-03-04,,,Certified,2022-04-27,2026-04-27,0,0,0,1,Unlimited,Public Utilities,56236,1,,Unlimited,14918-U,0,,,0,,,0,,0,0
"Neely Brothers Construction and Plumbing, LLC",77835,1295 Holland Rd,Rock Hill,South Carolina,29732,,United States,https://www.neelybrothers.com/,Active,Active,,,,,,,,,,0,0,0,1,Limited,Residential; Highway; Public Utilities,77835,0,,,,1,P-I,35735,0,,,0,,0,0
NEO CORPORATION,17865,289 Silkwood Drive,Canton,North Carolina,28716,Haywood,United States,https://www.neocorporation.com,Active,Active,,,,,,,Certified,2024-04-16,2028-04-16,0,0,0,1,Unlimited,Building; Highway; Public Utilities,17865,0,,,,0,,,0,,,1,17865,0,0
"NJR GROUP, INC",77426,1721 US HWY 52 N,Albemarle,North Carolina,28001,Stanly,United States,https://www.njrgroupinc.com/,Active,Active,,,,,,,,,,0,0,0,1,Unlimited,Building; Residential; Highway; Public Utilities; Unclassified,77426,0,,,,0,,,0,,,0,,0,0
"Notch Construction, LLC",101689,,,,,,,,Pending,Not Applicable,,,,,,,,,,0,0,0,1,Limited,Building; Residential; Public Utilities; Unclassified,101689,0,,,,0,,,0,,,0,,1,1
Oakbrooke Inc,73661,128 Sadie Ln,Mooresville,North Carolina,28115,Iredell,United States,,Active,Active,,,,,,,,,,0,0,0,1,Unlimited,Public Utilities,73661,0,,,,0,,,0,,,0,,0,0
Oakes Grading INC.,78073,911 NC-96,Youngsville,North Carolina,27596,Franklin,United States,,Active,Active,,,,,,,,,,0,0,0,1,Limited,Building; Public Utilities,78073,0,,,,0,,,0,,,0,,0,0
P&G Development LLC,100359,5000 Falls of Neuse Rd,Raleigh,North Carolina,27609,Wake,United States,https://www.pgdevelopment.net,Active,Active,Certified,Black,2025-05-16,2029-05-16,,,,,,0,0,0,1,Unlimited,Building; Highway; Public Utilities,100359,0,,,,0,,,0,,,0,,0,0
P&S Grading LLC,70444,4201 Belvoir Drive,Greensboro,North Carolina,27406,Guilford,United States,https://psgrading.com,Active,Not Applicable,Certified,Female,2024-08-08,2028-08-08,,,Certified,2025-10-07,2029-10-07,0,0,0,1,Unlimited,Building; Residential; Highway; Public Utilities; Unclassified,70444,0,,,,0,,,0,,,1,,0,0
Pacific 1Builders LLC,103935,850 Mulberry Rd,spring hope,North Carolina,27882,Franklin,United States,https://www.pacific1builders.com,Active,Active,,,,,,,,,,0,0,0,1,Limited,Building; Residential; Public Utilities; Unclassified,103935,0,,,,0,,,0,,,0,,0,0
page and associates inc.,61552,153 B Furlong Ind Dr,kernersville,North Carolina,27284,Forsyth,United States,https://pageincnc.com,Active,Not Applicable,Certified,Female,2023-11-30,2027-11-30,,,,,,0,0,0,1,Unlimited,Building; Residential; Public Utilities,61552,0,,,,0,,,0,,,0,,0,0
"Paragon Site Solutions, LLC",81221,722 Corporate Blvd,Rock Hill,South Carolina,29730,,United States,https://www.paragonsitesolutions.com,Active,Not Applicable,Not Certified,,2020-06-24,2024-06-24,,,,,,0,0,0,1,Unlimited,Building; Residential; Public Utilities,81221,0,,,,0,,,0,,,0,,0,0
"Patterson Concepts, LLC",100557,217 Club Crest Drive,Maggie Valley,North Carolina,28751,Haywood,United States,https://www.pattersonconcepts.com,Active,Active,,,,,,,,,,0,0,0,1,Unlimited,Building; Residential; Public Utilities; Unclassified,100557,0,,,,0,,,0,,,0,,0,0
PC Construction Company,6142,193 Tilley Drive,South Burlington,Vermont,05403,,United States,https://pcconstruction.com/,Active,Not Applicable,,,,,,,,,,0,0,0,1,Unlimited,Building; Highway; Public Utilities,6142,0,,,,0,,,0,,,0,,0,0
"Pedulla Trucking, Excavating",45362,1275 Shinn Farm Rd,Mooresville,North Carolina,28115,Rowan,United States,,Active,Inactive,Not Certified,,2019-10-31,2023-10-31,,,,,,0,0,0,1,,Building; Highway; Public Utilities,45362,0,,,,0,,,0,,,1,45362,0,0
Performance  Cabling Technolog,73619,PO Box 757,Asheboro,North Carolina,27204,Randolph,United States,,Active,Active,,,,,,,,,,0,0,0,1,,Building; Highway; Public Utilities,73619,0,,,,0,,,0,,,0,,0,1
Performance Construction Services Inc,83951,346 Grimes Blvd,Lexington,North Carolina,27292,Davidson,United States,,Active,Inactive,,,,,,,,,,0,0,0,1,Limited,Building; Public Utilities,83951,0,,,,0,,,0,,,0,,1,0
Performance Services Inc,82617,4670 Haven Point Blvd,Indianapolis,Indiana,46280,,United States,https://www.performanceservices.com,Active,Not Applicable,,,,,,,,,,0,0,0,1,Unlimited,Building; Public Utilities,82617,0,,,,0,,,0,,,0,,1,1
Persons Services Corp.,81072,4474 Halls Mill Rd,Mobile,Alabama,36693,,United States,https://www.personsservices.com,Active,Active,,,,,,,,,,0,0,0,1,,Building; Residential; Highway; Public Utilities; Unclassified,81072,0,,,,1,,,0,,,1,,0,0
"Phoenix Fabricators and Erectors, LLC.",21640,182 South County Road 900 East,Avon,Indiana,46220,,United States,https://www.phoenixtank.com,Active,Inactive,,,,,,,,,,0,0,0,1,Unlimited,Public Utilities,21640,0,,,,0,,,0,,,0,,0,0
Potter Construction Services Inc.,67677,1001 Palmer Plaza Lane,Charlotte,North Carolina,28211,Mecklenburg,United States,,Active,Not Applicable,,,,,,,,,,0,0,0,1,Unlimited,Building; Public Utilities,67677,0,,,,0,,,0,,,0,,0,0
Precision Depth Utilities LLC,85198,5104 Cool Springs Rd,Broadway,North Carolina,27505,Harnett,United States,,Active,Inactive,Not Certified,,,,,,,,,0,0,0,1,Unlimited,Building; Residential; Highway; Public Utilities; Unclassified,85198,0,,,,0,,,0,,,0,,0,0
Pro City Water and Sewage LLC,100503,209 Laurelwood Dr,Smithfield,North Carolina,27577,Johnston,United States,,Active,Active,Certified,Hispanic,2023-01-11,2027-01-11,,,,,,0,0,0,1,Limited,Building; Public Utilities,100503,0,,,,0,,,0,,,0,,0,0
"Pull Construction Company, Inc",34046,PO Box 16725,Greensboro,North Carolina,27416,Guilford,United States,,Active,Not Applicable,Certified,Black,2022-12-16,2026-12-16,,,,,,0,0,0,1,Intermediate,Building; Residential; Public Utilities,34046,0,,,,0,,,0,,,0,,0,0
PURSER CENTRAL REWINDING CO,76952,865 Concord Parkway North,Concord,North Carolina,28027,Cabarrus,United States,https://www.pursercentral.com,Active,Active,Certified,Female,2025-07-11,2029-07-11,,,Certified,2021-11-02,2025-11-02,0,0,0,1,Limited,Building; Public Utilities,76952,0,,,,0,,,0,,,0,,0,0
Qwestar LLC,105357,124 Cemetery Road,Gastonia,North Carolina,28256,Gaston,United States,https://www.qwestarllc.com,Active,Active,Certified,Black,2025-07-04,2029-07-04,,,Not Certified,2020-08-24,2024-08-24,0,0,0,1,,Building; Residential; Public Utilities; Unclassified,,0,,,,0,,,0,,,1,,0,0
RBC Utilities Incorporated,67298,4521 Sharon Road,Charlotte,North Carolina,28211,Mecklenburg,United States,,Active,Not Applicable,Not Certified,,2020-09-25,2024-09-25,,,,,,0,0,0,1,Unlimited,Public Utilities,67298,0,,,,0,,,0,,,0,,0,0
Reeves Construction Company,987,250 Plemmons Rd.,Duncan,South Carolina,29334,,United States,https://reevescc.com,Active,Active,,,,,,,,,,0,0,0,1,Unlimited,Highway; Public Utilities,987,0,,,,0,,,0,,,0,,0,0
Reim Construction LLC,104207,6507 Somerset Drive,Myrtle Beach,South Carolina,29572,,United States,https://reimconstructionllc.com,Active,Active,,,,,,,,,,0,0,0,1,Unlimited,Building; Highway; Public Utilities,CLG. 125421,0,,,,0,,,0,,,0,,0,0
Renaissance Unlimited Contractors Inc,86854,14137 Perugia Way,Charlotte,North Carolina,28273,Mecklenburg,United States,,Active,Inactive,Certified,Black,2024-02-06,2028-02-06,,,,,,0,0,0,1,Unlimited,Building; Residential; Highway; Public Utilities; Unclassified,86854,0,,,,0,,,0,,,0,,0,1
"Resource Recovery Solutions, LLC",76971,801 W Central Ave,Mount Holly,North Carolina,28120,Gaston,United States,https://rrswastestream.com,Active,Not Applicable,,,,,,,,,,0,0,0,1,,Building; Residential; Public Utilities; Unclassified,76971,0,,,,0,,,0,,,0,,1,0
Revels Construction,79945,201  Weisner Road,Olin,North Carolina,28660,Iredell,United States,,Active,Active,Certified,American Indian,2023-11-08,2027-11-08,,,,,,0,0,0,1,Unlimited,Building; Residential; Public Utilities,82695,0,,,,0,,,0,,,1,86295,0,0
"Richard Catlin and Associates, Inc.",32900,220 Old Dairy Road,Wilmington,North Carolina,28405,New Hanover,United States,https://www.catlinusa.com,Active,Active,,,,,,,,,,0,0,0,1,,Public Utilities; Unclassified,32900,0,,,,0,,,0,,,0,,1,1
RIGHTMYER MACHINE RENTALS INC.,5323,497 HWY 48,ROANOKE RAPIDS,North Carolina,27870,Halifax,United States,https://www.righmyer.com,Active,Active,,,,,,,,,,0,0,0,1,Unlimited,Building; Highway; Public Utilities; Unclassified,5323,0,,,,0,,,0,,,0,,0,0
Rike Roofing Services,73047,9160,Fort Mill,South Carolina,29707,,United States,https://www.rikeroofing.com,Active,Active,Certified,Female,2022-03-17,2026-03-17,,,,,,0,0,0,1,Unlimited,Building; Public Utilities,73047,0,,,,0,,,0,,,1,73047,0,0
"River City Construction, Inc.",27348,3534 Cherry Run Road,Washington,North Carolina,27889,Beaufort,United States,https://www.rivercityinc.net,Active,Active,Not Certified,,2021-10-05,2025-10-05,,,Certified,2021-12-08,2025-12-08,0,0,0,1,Unlimited,Public Utilities,27348,1,,Unlimited,09717-U,0,,,0,,,0,,0,0
Riverstone Construction And Home Improvement Company,81849,2018 Fort Bragg Road,Fayetteville,North Carolina,28303,Cumberland,United States,https://www.rsccontracting.org,Active,Active,Certified,American Indian,2025-08-01,2029-08-01,,,,,,0,0,0,1,Limited,Building; Residential; Public Utilities; Unclassified,72592,0,,,,0,,,0,,,1,72592,1,1
"RLT & Associates, Inc.",58073,111 Tasha Lane,Fuquay Varina,North Carolina,27526,Harnett,United States,,Active,Active,,,,,,,,,,0,0,0,1,Limited,Highway; Public Utilities,58073,0,,,,1,P-I,10261,0,,,0,,0,0
RNS Contractors LLC,104307,4819 Emperor Blvd,Durham,North Carolina,27703,Durham,United States,https://rnscontractorspro.com,Active,Active,Certified,Hispanic,2025-05-16,2029-05-16,,,,,,0,0,0,1,Intermediate,Building; Residential; Public Utilities,104307,1,,Limited,18326,0,,,1,H-3-I,7622.0,0,,1,1
ROWLAND CONTRACTING INC,51324,2660 Discovery Drive Suite 140,Raleigh,North Carolina,27658,Wake,United States,,Active,Inactive,Not Certified,,2021-05-21,2025-05-21,,,,,,0,0,0,1,Unlimited,Public Utilities,51324,1,,Unlimited,15883 U,1,P-I,15941,1,H-1-I; H-2; H-3-I,15941.0,0,,0,0
S & S BACKHOE SERVICES INC,62829,382 Harvell Road,Harrells,North Carolina,28444,Duplin,United States,,Active,Active,,,,,,,,,,0,0,0,1,Limited,Highway; Public Utilities,62829,0,,,,0,,,0,,,0,,0,0
"S&R Roofing & Interiors, LLC",105165,5838 Saint Rose Church Rd,wilson nort,North Carolina,27893,Wilson,United States,https://www.sandrroof.com/,Active,Active,,,,,,,,,,0,0,0,1,Intermediate,Building; Residential; Highway; Public Utilities; Unclassified,105165,0,,,,0,,,0,,,0,,0,0
"S.J. Louis Construction, Inc.",54748,1351 Broadway Street West,Cold Spring,Minnesota,56320,,United States,https://sjlouis.com,Active,Active,,,,,,,,,,0,0,0,1,Unlimited,Highway; Public Utilities,54748,0,,,,0,,,0,,,0,,0,0
"SAK Construction, LLC",68372,864 Hoff Road,O'Fallon,Missouri,63366,,United States,,Active,Not Applicable,,,,,,,,,,0,0,0,1,Unlimited,Public Utilities,68372,0,,,,0,,,0,,,0,,0,0
Samsons Construction Inc.,103799,8025 North Point blvd ,winston salem,North Carolina,27106,Forsyth,United States,,Active,Inactive,Certified,Black,2022-02-18,2026-02-18,,,Certified,2021-12-21,2025-12-21,0,0,0,1,Limited,Residential; Highway; Public Utilities,78308,0,,,,0,,,0,,,1,78308,1,1
"Shaw Construction Company, Inc",4548,1248 Bill Shaw Road,Spring Lake,North Carolina,28390,Harnett,United States,,Active,Inactive,,,,,,,,,,0,0,0,1,Unlimited,Building; Public Utilities,4548,0,,,,0,,,0,,,1,4548,0,0
Silver Lion LLC.,83287,1303 Standish Street,Salisbury,North Carolina,28144-3030,Rowan,United States,https://silverlionservices.com/,Active,Active,Not Certified,,2021-09-24,2025-09-24,,,,,,0,0,0,1,Limited,Building; Residential; Public Utilities,83287,0,,,,0,,,0,,,1,83287,0,0
"Simmons Public Utility Site Work, Inc",81522,112 Caldis Street,Whiteville,North Carolina,28472,Columbus,United States,,Active,Not Applicable,Certified,Black,2023-08-14,2027-08-14,,,Certified,2025-09-18,2029-09-18,0,0,0,1,Unlimited,Highway; Public Utilities,81522,0,,,,0,,,0,,,0,,0,0
"Sink Tower Erection Co., Inc.",51498,183 Bradley Tysinger Road,Lexington,North Carolina,27295,Davidson,United States,,Active,Active,Certified,Female,2023-06-27,2027-06-27,,,,,,0,0,0,1,Limited,Building; Public Utilities,51498,0,,,,0,,,0,,,0,,0,0
"Sir J Garrison, Inc.",100672,7820 Harps Mill Woods Run,Raleigh,North Carolina,27615,Wake,United States,https://www.sirjgarrisoninc.com,Active,Not Applicable,,,,,,,,,,0,0,0,1,Limited,Building; Residential; Highway; Public Utilities; Unclassified,,0,,,,0,,,0,,,1,,1,1
"Siteworks, LLC",52803,PO Box 7248,Charlotte,North Carolina,28241,Mecklenburg,United States,https://www.siteworks-llc.com,Active,Active,Certified,Female,2023-05-02,2027-05-02,,,,,,0,0,0,1,Unlimited,Building; Highway; Public Utilities,52803,0,,,,0,,,0,,,1,52803,0,0
"SKC, Inc.",39936,POB 386,Seagrove,North Carolina,27341,Randolph,United States,,Active,Active,Certified,Female,2022-12-12,2026-12-12,,,,,,0,0,0,1,Unlimited,Public Utilities,39936,0,,,,0,,,0,,,1,39936,0,0
SNJ Utilities LLC,100135,210 Jewel Haven way,Knightdale,North Carolina,27547,Wake,United States,,Active,Not Applicable,Certified,Black,2023-04-10,2027-04-10,,,,,,0,0,0,1,Limited,Public Utilities,,0,,,,0,,,0,,,0,,0,0
Sonset Services LLC,84311,2017 Coxwoods Rd,Clayton,North Carolina,27520,Johnston,United States,,Active,Inactive,,,,,,,,,,0,0,0,1,Limited,Public Utilities,84311,0,,,,0,,,0,,,1,84311,0,0
Southern Terrain LLC.,87344,2902 Cabarrus Dr.,Greensboro,North Carolina,27407,Guilford,United States,https://www.facebook.com/southernterrain,Active,Active,,,,,,,,,,0,0,0,1,Limited,Building; Highway; Public Utilities; Unclassified,87344,0,,,,0,,,0,,,0,,0,0
"Sowers Construction Co., Inc.",9237,133 White Pines Country Club Road,Mt. Airy,North Carolina,27030,Surry,United States,,Active,Active,,,,,,,,,,0,0,0,1,Unlimited,Highway; Public Utilities,09237,0,,,,0,,,0,,,0,,0,0
"Span Builders, LLC",74522,3434 Edwards Mill Rd,Raleigh,North Carolina,27606,Wake,United States,https://spanbuilders.net,Active,Not Applicable,,,,,,,,,,0,0,0,1,Unlimited,Building; Residential; Public Utilities; Unclassified,74522,0,,,,0,,,0,,,0,,0,0
SRS Inc.,61706,4710 Belle-Oaks Dr,Charlotte,North Carolina,28217,Mecklenburg,United States,https://www.srsincorp.com,Active,Not Applicable,,,,,,,,,,0,0,0,1,,Building; Residential; Highway; Public Utilities; Unclassified,64370,1,,,,0,,,0,,,0,,0,0
State Contracting Inc.,62182,PO Box 1934,Wake Forest,North Carolina,27588,Wake,United States,https://www.statecontracting.net,Active,Active,Certified,Female,2021-12-22,2025-12-22,,,,,,0,0,0,1,Limited,Highway; Public Utilities,62182,0,,,,0,,,0,,,0,,0,0
"Step Construction, Inc",67060,3423 Brothers Road,LaGrange,North Carolina,28551,Lenoir,United States,,Active,Inactive,Certified,Black,2023-12-20,2027-12-20,,,,,,0,0,0,1,Unlimited,Building; Highway; Public Utilities,67060,0,,,,0,,,0,,,0,,0,0
"SterlingPillar, LLC",83991,3515 Glenwood Avenue,Raleigh,North Carolina,27612,Wake,United States,https://sterlingpillar.com/,Active,Active,,,,,,,,,,0,0,0,1,Unlimited,Building; Residential; Highway; Public Utilities; Unclassified,L83991,0,,,,0,,,0,,,0,,0,0
"Stringer Sturgies Group, LLC",101135,10936 McCamie Hill Pl,Concord,North Carolina,28025,Cabarrus,United States,https://www.stringersturgies.com,Active,Inactive,Not Certified,,2020-11-10,2024-11-10,,,,,,0,0,0,1,,Building; Residential; Public Utilities,74199,0,,,,0,,,0,,,0,,0,1
"Sundt Construction, Inc.",71070,7730 England St. Suite B,Charlotte,North Carolina,28273,Mecklenburg,United States,https://www.sundt.com/,Active,Active,,,,,,,,,,0,0,0,1,,Building; Highway; Public Utilities,71070,0,,,,0,,,0,,,0,,0,0
"Sunland Builders, Inc.",24941,4846A Hwy 24 East,Newport,North Carolina,28570,Carteret,United States,,Active,Active,,,,,,,,,,0,0,0,1,Unlimited,Building; Highway; Public Utilities,24941,0,,,,0,,,0,,,0,,0,0
Sustainable Modular Management,71356,2500 Legacy Drive,Frisco,Texas,75034,,United States,https://www.sustainablemodular.com,Active,Inactive,,,,,,,,,,0,0,0,1,,Building; Residential; Public Utilities,71356,0,,,,0,,,0,,,1,71356,0,1
Suttles Trucking and Grading,67412,10 edwards drive,Nebo,North Carolina,28761,McDowell,United States,https://www.suttlesgrading.com,Active,Active,,,,,,,,,,0,0,0,1,Limited,Highway; Public Utilities,67412,0,,,,0,,,0,,,0,,0,0
T. A. Loving Company,325,,,,,,,https://www.taloving.com,Pending,Not Applicable,,,,,,,,,,0,0,0,1,Unlimited,Building; Public Utilities,325,0,,,,0,,,0,,,0,,0,0
T.P. Smith Construction Corp.,23975,p.o. box 1739,FOREST CITY,North Carolina,28043,Rutherford,United States,,Active,Active,,,,,,,,,,0,0,0,1,Unlimited,Building; Public Utilities,23975,0,,,,0,,,0,,,0,,0,0
"T3 Clearing and Grading, LLC",106132,PO Box 217,Selma,North Carolina,27576,Johnston,United States,,Active,Active,,,,,,,,,,0,0,0,1,Unlimited,Building; Residential; Highway; Public Utilities,106132,0,,,,0,,,0,,,0,,0,0
Tabourn Custom Builders,88547,1202 E FIRE TOWER ROAD STE. 107 B,GREENVILLE,North Carolina,27858-4196,Pitt,United States,https://www.tabourncustombuilders.com,Active,Inactive,,,,,,,,,,0,0,0,1,Limited,Building; Residential; Highway; Public Utilities,88547,1,,,,1,,,1,,,1,,1,1
"The Motz Group, LLC",102051,1 Motz way,cincinnati,Ohio,45244,,United States,https://www.themotzgroup.com,Active,Active,,,,,,,,,,0,0,0,1,Unlimited,Building; Highway; Public Utilities,102051,0,,,,0,,,0,,,0,,0,0
The Whiting-Turner Contracting Company,3099,8529 Six Forks Road,"Raleigh, NC",North Carolina,27615,Wake,United States,https://www.whiting-turner.com,Active,Inactive,,,,,,,,,,0,0,0,1,,Building; Residential; Public Utilities; Unclassified,3099,0,,,,0,,,0,,,0,,0,0
Thunder Contracting Inc.,64162,18001 Great Smoky Mtn. Exp.,Waynesville,North Carolina,28786,Haywood,United States,https://www.thundercontractinginc.com,Active,Active,,,,,,,,,,0,0,0,1,Unlimited,Highway; Public Utilities,64162,0,,,,0,,,0,,,0,,0,0
"TMC-Taylor Construction, Inc.",18885,1406 Castle Hayne Rd,Wilmington,North Carolina,28401,New Hanover,United States,https://www.tmctaylor.com,Active,Active,,,,,,,,,,0,0,0,1,Unlimited,Building; Highway; Public Utilities,18885,0,,,,0,,,0,,,0,,0,0
"Tower Communications Expert, LLC",78024,114 Shore Dr,Burr Ridge,Illinois,60527,,United States,https://tcellc.net/,Active,Active,,,,,,,,,,0,0,0,1,Unlimited,Public Utilities,78024,0,,,,0,,,0,,,0,,0,0
"Travies Kimarl & CO., L.L.'C",99346,511 S. MANGUM STREET,DURHAM,North Carolina,27701,Durham,United States,,Active,Inactive,,,,,,,,,,0,0,0,1,,Building; Residential; Highway; Public Utilities; Unclassified,,1,,,,1,,,1,,,1,,1,1
"Trillium Development, Inc",66384,7958 County Rd 2,Rice,Minnesota,56367,,United States,,Active,Inactive,,,,,,,,,,0,0,0,1,,Building; Public Utilities; Unclassified,,0,,,,0,,,0,,,1,,0,0
"Triple R, Robinson's Renovations and Remodels LLC",106405,212 N Wilkins Road,Haw River,North Carolina,27258,Alamance,United States,https://www.triplernc.com,Active,Active,,,,,,,,,,0,0,0,1,Limited,Building; Residential; Public Utilities; Unclassified,106405,0,,,,0,,,0,,,0,,0,0
"TRIPP BRO'S, INC.",52247,4158 NORRIS STORE RD,AYDEN,North Carolina,28513,Pitt,United States,,Active,Active,,,,,,,,,,0,0,0,1,Unlimited,Highway; Public Utilities,52247,0,,,,0,,,0,,,0,,0,0
Tri-State Utilities LLC,32168,2111 Smith Avenue,Chesapeake,Virginia,23320,,United States,https://www.tristateutilities.com/,Active,Active,,,,,,,,,,0,0,0,1,Unlimited,Highway; Public Utilities,32168,0,,,,0,,,0,,,1,,0,0
Turner Construction Company,1299,4601 Park Road,Charlotte,North Carolina,28209,Mecklenburg,United States,https://www.turnerconstruction.com/,Active,Active,,,,,,,,,,0,0,0,1,Unlimited,Building; Highway; Public Utilities,1299,0,,,,0,,,0,,,0,,0,0
Turner Utilities Inc.,22609,308 ARBOR GREENE DRIVE,GARNER,North Carolina,27529,Wake,United States,,Active,Active,Certified,Black,2025-04-25,2029-04-25,,,Certified,2025-06-27,2029-06-27,0,0,0,1,Limited,Public Utilities,70135,1,,,,0,,,0,,,1,70135,0,0
"Turn-Key Tunneling, Inc.",67085,1247 STIMMEL ROAD,COLUMBUS,Ohio,43223,,United States,https://www.tunnelit.net,Active,Not Applicable,,,,,,,,,,0,0,0,1,Unlimited,Public Utilities,67085,0,,,,0,,,0,,,0,,0,1
"TuscovV, LLC",83666,1228 BROAD STREET,New Bern,North Carolina,28560,Craven,United States,https://www.jedillahuntandassociatesinc.com,Active,Active,,,,,,,,,,0,0,0,1,Limited,Building; Residential; Highway; Public Utilities; Unclassified,83666,0,,,,0,,,0,,,0,,0,0
United Construction Company,4697,6021 Kenley Lane,Charlotte,North Carolina,28217,Mecklenburg,United States,,Active,Active,,,,,,,,,,0,0,0,1,Unlimited,Public Utilities,76571,0,,,,0,,,0,,,0,,0,0
"Utilities plus, INC.",47895,2785 Gobbler Lane,Eastover,North Carolina,28312,Cumberland,United States,,Active,Inactive,,,,,,,,,,0,0,0,1,Unlimited,Highway; Public Utilities; Unclassified,47895,1,,Unlimited,47895,0,,,0,,,1,47895,0,0
"Utility Asset Management, Inc.",77089,PO Box 1665,Perry,Georgia,31069,,United States,https://uamonline.com,Active,Active,Not Certified,,2021-09-21,2025-09-21,,,,,,0,0,0,1,,Public Utilities,77089,0,,,,0,,,0,,,0,,0,0
Utility Partners of America,70752,1881 Suber Mill Rd,Greer,South Carolina,29650,,United States,https://utilitypartners.com,Active,Active,,,,,,,,,,0,0,0,1,Unlimited,Public Utilities,70752,1,,Unlimited,32811,1,P-I,32343,0,,,0,,0,1
Utility Service,4774,PO Box 674233,Dallas,Texas,75267-4233,,United States,https://www.utilityservice.com,Active,Active,,,,,,,,,,0,0,0,1,Unlimited,Building; Public Utilities,52520,0,,,,0,,,0,,,0,,0,1
VHM Contracting LLC,75288,PO Box 35667,Charlotte,North Carolina,28235,Mecklenburg,United States,https://www.vhmpro.com,Active,Not Applicable,Certified,Black,2024-10-16,2028-10-16,,,,,,0,0,0,1,Limited,Highway; Public Utilities,75288,0,,,,0,,,0,,,0,,0,0
"Vistabution, LLC",69958,8315 Six Forks Road,Raleigh,North Carolina,27615,Wake,United States,https://www.vistabution.com,Active,Inactive,Certified,Black,2023-09-06,2027-09-06,,,,,,0,0,0,1,Unlimited,Building; Highway; Public Utilities,69958,0,,,,0,,,0,,,0,,0,0
"Vital Fuel Systems, INC.",35353,1076 Classic Road,Apex,North Carolina,27539-4401,Wake,United States,https://www.vitalfuelsystems.com,Active,Active,,,,,,,,,,0,0,0,1,Unlimited,Building; Public Utilities,35353,1,,Unlimited,09283-U,0,,,0,,,0,,0,0
"W. M. Jordan Company, Inc.",29260,1712 Eastwood Road,Wilmington,North Carolina,28403,New Hanover,United States,https://www.wmjordan.com,Active,Active,,,,,,,,,,0,0,0,1,,Building; Residential; Public Utilities; Unclassified,29260,1,,,,0,,,0,,,0,,0,0
"Water & Waste Systems Construction, Inc.",35745,14 Apothecary Court,Garner,North Carolina,27529,Wake,United States,,Active,Active,,,,,,,,,,0,0,0,1,Unlimited,Public Utilities,35745,0,,,,0,,,0,,,0,,0,0
Water Purification Consultants,65034,PO Box 25391,Winston-Salem,North Carolina,27114,Forsyth,United States,https://waterpuro.com,Active,Inactive,Certified,Female,2023-12-29,2027-12-29,,,Certified,2024-02-22,2028-02-22,0,0,0,1,Limited,Building; Public Utilities,65034,1,SP-PH; SP-WP,Limited,28167 & 28168,1,P-I,15880,1,H-2,15880.0,1,,0,0
"WCB Builders of Raleigh, LLC",78121,2432 Smokerise Ct,Raleigh,North Carolina,27615,Wake,United States,https://www.wcbbuilders.com/,Active,Inactive,,,,,,,,,,0,0,0,1,Unlimited,Building; Residential; Highway; Public Utilities; Unclassified,78121,0,,,,0,,,0,,,0,,0,0
"WGK Construction, LLC",84599,1756 Heritage Center Drive,Wake Forest,North Carolina,27587,Wake,United States,https://www.wgkconstruction.com,Active,Active,,,,,,,,,,0,0,0,1,Unlimited,Public Utilities,84599,0,,,,0,,,0,,,0,,0,0
"White Construction Group, Inc.",66855,2975 Rosindale Road,Clarkton,North Carolina,28433,Bladen,United States,,Active,Active,,,,,,,,,,0,0,0,1,Limited,Public Utilities,66855,0,,,,0,,,0,,,1,Septic Installation: Grade IV Certification #:  3341,0,0
Wildcat Contractors,86109,2212 plastics dr,Gastonia,North Carolina,28054,Gaston,United States,https://wildcatcontractors.com,Active,Not Applicable,Certified,Female,2025-06-27,2029-06-27,,,,,,0,0,0,1,Unlimited,Building; Public Utilities,86109,1,,Unlimited,U.35721,0,,,0,,,1,U.35721,0,0
Wolf Line Construction Company,83285,1831 Reynolds Avenue,North Charleston,South Carolina,29405,,United States,https://www.wolflineconst.com,Active,Inactive,,,,,,,,,,0,0,0,1,Intermediate,Public Utilities,83285,0,,,,0,,,0,,,0,,0,0
Worrell Contracting Co Inc,53986,PO Box 10549,Goldsboro,North Carolina,27530,Wayne,United States,https://www.worrellcontracting.com,Active,Active,Certified,Black,,,,,,,,0,0,0,1,Limited,Highway; Public Utilities,53986,0,,,,0,,,0,,,0,,0,0
"Wynn Site Development, Inc",64113,165 Sommerville Park Road,Raleigh,North Carolina,27603,Wake,United States,https://www.wynnsitedevelopment.com/,Active,Inactive,,,,,,,,,,0,0,0,1,Unlimited,Highway; Public Utilities,64113,0,,,,0,,,0,,,0,,0,0
Yes Solar Solutions,67356,202 N Dixon Ave,Cary,North Carolina,27513,Wake,United States,https://www.yessolarsolutions.com,Active,Not Applicable,,,,,,,,,,0,0,0,1,Unlimited,Building; Residential; Public Utilities; Unclassified,67356,1,,Unlimited,U.33561,0,,,0,,,0,,0,1
Youngco Inc,83622,365 N New Hope Rd,Gastonia,North Carolina,28054,Gaston,United States,,Active,Not Applicable,,,,,,,,,,0,0,0,1,Unlimited,Building; Residential; Highway; Public Utilities,83622,1,,,,1,,,1,,,1,,1,1
"YoungCo, Inc.",83622,365 N New Hope Rd,Gastonia,North Carolina,28054,Gaston,United States,,Active,Active,,,,,,,,,,0,0,0,1,Unlimited,Building; Residential; Highway; Public Utilities; Unclassified,83622,0,,,,0,,,0,,,0,,1,1
Zachry Construction Corporation,69450,8000 Regency Parkway,Cary,North Carolina,27518,Wake,United States,https://www.zachryconstructioncorp.com/,Active,Active,,,,,,,,,,0,0,0,1,Unlimited,Highway; Public Utilities,69450,0,,,,0,,,0,,,0,,0,0
